Workbook
Name Course: 'for examTable'!$E:$E
Name eDate: 'for examTable'!#REF!
Name eTime: 'for examTable'!$C:$C
Name for_exam_table: 'for examTable'!#REF!
Name hr: 'for examTable'!$D:$D
Name Lecturer: 'for examTable'!$F:$F
Name no_st: 'for examTable'!$G:$G
Name ref: 'for examTable'!$A:$A

Sheet รับส่งข้อสอบ
A1: .
A2: ระหว่างวันที่ 31 สิงหาคม - 8 กันยายน 2567
A3: วันสอบ | B3: เวลาสอบ | C3: จำนวน ชม. | D3: รายวิชา | E3: จำนวน นศ. | F3: ห้องสอบ | G3: กรรมการคุมสอบ | H3: อาจารย์ผู้สอน | J3: แถว | K3: อาจารย์ผู้สอน
A4: 45535 | B4: 09:00 - 11:00 | C4: 2 | D4: 513 427-2560 : POLYMER MATERIALS (ฟ้า) | E4: 28 | F4: 4203 ว.4 | G4: เอกพันธ์ บางยี่ขัน , นันทนิตย์ วานิชาชีวะ | H4: สุธินี เกิดเทพ | I4: C:Lecture | J4: - | K4: สุธินี เกิดเทพ | L4: =DATE(2024,M4,N4) -> 45535 | M4: 8 | N4: 31 | O4: 2024
A5: 45535 | B5: 09:00 - 11:00 | C5: 2 | D5: 523 201-165 : CHEMICAL AND MICROBIOLOGICAL SAFETY | E5: 44 | F5: 4203 ว.4 | G5: เอกพันธ์ บางยี่ขัน , นันทนิตย์ วานิชาชีวะ | H5: สุชารัตน์ สนองเกียรติ | I5: C:Lecture | J5: - | K5: สุจินันท์ มีไล้ , ธนาพร ชื่นอิ่ม , สุชารัตน์ สนองเกียรติ | L5: =DATE(2024,M5,N5) -> 45535 | M5: 8 | N5: 31 | O5: 2024
A6: 45535 | B6: 09:00 - 11:00 | C6: 2 | D6: 515 104-165 : STATISTICS FOR COMPUTING | E6: 48 | F6: 1331 ว.1 | G6: กรพรรณ เศวตสุวรรณกุล , กฤษณา จันทร์เจริญ | H6: ประหยัด แสงงาม | I6: C:Lecture | J6: - | K6: ประหยัด แสงงาม | L6: =DATE(2024,M6,N6) -> 45535 | M6: 8 | N6: 31 | O6: 2024
A7: 45535 | B7: 09:00 - 11:00 | C7: 2 | D7: 515 104-165 : STATISTICS FOR COMPUTING | E7: 27 | F7: 1334 ว.1 | G7: อดิศักดิ์ เม้ามีศรี , ชัยวัฒน์ ศรีสร้อยแก้ว | H7: ประหยัด แสงงาม | I7: C:Lecture | J7: - | K7: ประหยัด แสงงาม | L7: =DATE(2024,M7,N7) -> 45535 | M7: 8 | N7: 31 | O7: 2024
A8: 45535 | B8: 09:00 - 11:00 | C8: 2 | D8: 515 201-59 : ELEMENTARY STATISTICS กลุ่ม 3 | E8: 17 | F8: 1334 ว.1 | G8: อดิศักดิ์ เม้ามีศรี , ชัยวัฒน์ ศรีสร้อยแก้ว | H8: ประหยัด แสงงาม | I8: C:Lecture | J8: - | K8: ประหยัด แสงงาม | L8: =DATE(2024,M8,N8) -> 45535 | M8: 8 | N8: 31 | O8: 2024
A9: 45535 | B9: 09:00 - 11:00 | C9: 2 | D9: 515 201-165 : ELEMENTARY STATISTICS | E9: 42 | F9: 1334 ว.1 | G9: อดิศักดิ์ เม้ามีศรี , ชัยวัฒน์ ศรีสร้อยแก้ว | H9: ประหยัด แสงงาม | I9: C:Lecture | J9: - | K9: ประหยัด แสงงาม | L9: =DATE(2024,M9,N9) -> 45535 | M9: 8 | N9: 31 | O9: 2024
A10: 45535 | B10: 09:00 - 12:00 | C10: 3 | D10: 511 100-165 : PRECALCULUS | E10: 126 | F10: ร.วท.1 | G10: ธรรมธาดา เขมะรัชตกำธร , สุภนิดา คำบาง , พันธ์วริศ บุญประจันทร์ | H10: ธรรมธาดา เขมะรัชตกำธร | I10: C:Lecture | J10: ทุกแถว | K10: ธรรมธาดา เขมะรัชตกำธร , ธนากร ปริญญาศาสตร์ | L10: =DATE(2024,M10,N10) -> 45535 | M10: 8 | N10: 31 | O10: 2024
A11: 45535 | B11: 09:00 - 12:00 | C11: 3 | D11: 511 101-165 : CALCULUS I | E11: 239 | F11: 5406 ว.4 | G11: ผกามาส พะวงษ์ , ณัชปภา สงวนวงศ์ , ขนิษฐา เมฆสวัสดิ์ , กฤช เศรษฐการ , พัฏฐ์ณิชา พัฒนศิริ | H11: ผกามาส พะวงษ์ | I11: C:Lecture | J11: ทุกแถว | K11: ผกามาส พะวงษ์ , ธรรมธาดา เขมะรัชตกำธร | L11: =DATE(2024,M11,N11) -> 45535 | M11: 8 | N11: 31 | O11: 2024
A12: 45535 | B12: 09:00 - 12:00 | C12: 3 | D12: 511 104-2560-165 : CALCULUS FOR ENGINEERS I | E12: 400 | F12: หอประชุม | G12: สุภาภรณ์ ธรรมประทีป , ธาริณี กฤษฎาพรอนันท์ , ชนากานต์ เทพกรณ์ , ธีระเดช ไหลสุพรรณวงศ์ , วรรณสิริ ล่าบ้านหลวง , ภัทราพร เม้ามีศรี | H12: ธีระเดช ไหลสุพรรณวงศ์ | I12: C:Lecture | J12: ทุกแถว | K12: วรรณรัตน์ รุ่งโรจน์ธีระ , ปรีชญา สัญญฑิตย์ , ธีระเดช ไหลสุพรรณวงศ์ | L12: =DATE(2024,M12,N12) -> 45535 | M12: 8 | N12: 31 | O12: 2024
A13: 45535 | B13: 09:00 - 12:00 | C13: 3 | D13: 511 119-167 : CALCULUS FOR MATHEMATICS TEACHERS I | E13: 58 | F13: 4204 ว.4 | G13: รัตนา ศรีทัศน์ , ภัททิยา นิมิตรนิวัฒน์ | H13: ผกามาส พะวงษ์ | I13: C:Lecture | J13: - | K13: ผกามาส พะวงษ์ , จิราภา ลิ้มบุพศิริพร | L13: =DATE(2024,M13,N13) -> 45535 | M13: 8 | N13: 31 | O13: 2024
A14: 45535 | B14: 09:00 - 12:00 | C14: 3 | D14: 512 101-2562 : GENERAL BIOLOGY I | E14: 24 | F14: 4205 ว.4 | G14: ณัฐพงศ์ ยิ่งยอดกุล , ศศิภา ตรงต่อมิตร | H14: กรกช ชั้นจิรกุล | I14: C:Lecture | J14: - | K14: กัมปนาท ธาราภูมิ , สุพรรณญิกา เส็งสาย , วันวิวาห์ ตุ้มน้อย , กรกช ชั้นจิรกุล , ธัญนันท์ วรรณธง บรอคเคิลเฮอร์สท์ , ศรัณยพร มากทรัพย์ , วิวิชชุตา เดชรักษา , ยศเวท สิริจามร , ภาณุพงษ์ ทองเปรม | L14: =DATE(2024,M14,N14) -> 45535 | M14: 8 | N14: 31 | O14: 2024
A15: 45535 | B15: 09:00 - 12:00 | C15: 3 | D15: 512 105-165 : FUNDAMENTAL BIOLOGY | E15: 136 | F15: ไววิทย์พุทธารี | G15: สิราวรรณ สาสุข , มาริษา บำรุงเรือน , ภาณุพงษ์ ทองเปรม , ปิยาภรณ์ ทองพูล | H15: สุธาทิพย์ อำนวยสิน | I15: C:Lecture | J15: ทุกแถว | K15: กัมปนาท ธาราภูมิ , สุพรรณญิกา เส็งสาย , วันวิวาห์ ตุ้มน้อย , กรกช ชั้นจิรกุล , ธัญนันท์ วรรณธง บรอคเคิลเฮอร์สท์ , ปรารถนา เผือกวิไล , ศรันย์ภัทร์ สุวรรณรัตน์ , สุธาทิพย์ อำนวยสิน , ชญาดา โชติศรีศุภรัตน์ , ภาณุพงษ์ ทองเปรม , ชลกรานต์ อวยจินดา , พรวิภา พวง | L15: =DATE(2024,M15,N15) -> 45535 | M15: 8 | N15: 31 | O15: 2024
... A217: 45541 | B217: 09:00 - 12:00 | C217: 3 | D217: 520 487-2560 : SELECTED TOPICS IN INFORMATION TECHNOLOGY VII | E217: 144 | F217: ร.วท.2 | G217: ดาวรุ่ง สังข์ทอง , รัฐพล อ้นแฉ่ง , สิราวรรณ สาสุข , สุธาทิพย์ อำนวยสิน | H217: ปานใจ ธารทัศนวงศ์ | I217: C:Lecture | J217: ทุกแถว | K217: ปานใจ ธารทัศนวงศ์ | L217: =DATE(2024,M217,N217) -> 45541 | M217: 9 | N217: 6 | O217: 2024
A218: 45541 | B218: 13:00 - 15:00 | D218: 520 342-165 : SERVER SIDE WEB PROGRAMMING | E218: 65 | F218: 1239 ว.1 | G218: เอกพบ ขจรไพศาล , ยศเวท สิริจามร | H218: ณัฐโชติ พรหมฤทธิ์ | I218: C:Lecture | J218: - | K218: ณัฐโชติ พรหมฤทธิ์ , สัจจาภรณ์ ไวจรรยา | L218: =DATE(2024,M218,N218) -> 45541 | M218: 9 | N218: 6 | O218: 2024
A219: 45541 | B219: 13:00 - 16:00 | C219: 3 | D219: 511 351-2560-165 : INTRODUCTION TO GRAPH THEORY | E219: 51 | F219: 4203 ว.4 | G219: มนตรี เอี่ยมพนากิจ , ณิชนันทน์ สิรสุนทร | H219: ประพันธ์พงศ์ พงศ์ศรีเอี่ยม | I219: C:Lecture | J219: - | K219: ประพันธ์พงศ์ พงศ์ศรีเอี่ยม | L219: =DATE(2024,M219,N219) -> 45541 | M219: 9 | N219: 6 | O219: 2024
A220: 45541 | B220: 13:00 - 16:00 | C220: 3 | D220: 514 302-165 : INTRODUCTION TO SOLID STATE PHYSICS (ฟ้า) | E220: 6 | F220: 4203 ว.4 | G220: มนตรี เอี่ยมพนากิจ , ณิชนันทน์ สิรสุนทร | H220: มนตรี เอี่ยมพนากิจ | I220: C:Lecture | J220: - | K220: มนตรี เอี่ยมพนากิจ | L220: =DATE(2024,M220,N220) -> 45541 | M220: 9 | N220: 6 | O220: 2024
A221: 45541 | B221: 13:00 - 16:00 | C221: 3 | D221: 512 236-2560-165 : VERTEBRATE ZOOLOGY LABORATORY | E221: 44 | F221: 4206 ว.4 | G221: กัมปนาท ธาราภูมิ , สิราวรรณ สาสุข | H221: กัมปนาท ธาราภูมิ | I221: C:Lecture | J221: - | K221: กัมปนาท ธาราภูมิ , วันวิวาห์ ตุ้มน้อย , ศรันย์ภัทร์ สุวรรณรัตน์ | L221: =DATE(2024,M221,N221) -> 45541 | M221: 9 | N221: 6 | O221: 2024
A222: 45541 | B222: 13:00 - 16:00 | C222: 3 | D222: 513 251-2560-165 : ORGANIC CHEMISTRY I | E222: 149 | F222: ร.วท.1 | G222: กนกอร ระย้านิล , พัลลภ คันธิยงค์ , กิตติยาพร สิงห์สัมพันธ์ , ณัฐวรรณ วรวรรโณทัย | H222: กนกอร ระย้านิล | I222: C:Lecture | J222: ทุกแถว | K222: กนกอร ระย้านิล , ภาณุพันธ์ ลิมปชยาพร | L222: =DATE(2024,M222,N222) -> 45541 | M222: 9 | N222: 6 | O222: 2024
A223: 45541 | B223: 13:00 - 16:00 | C223: 3 | D223: 515 231-165 : PROBABILITY AND STOCHASTIC PROCESS | E223: 45 | F223: 4204 ว.4 | G223: ผ่องศรี เผ่าภูรี , นัฐธพล ยอดศิลป์ | H223: ชนกานต์ สังข์บุญชู | I223: C:Lecture | J223: - | K223: ชนกานต์ สังข์บุญชู | L223: =DATE(2024,M223,N223) -> 45541 | M223: 9 | N223: 6 | O223: 2024
A224: 45541 | B224: 13:00 - 16:00 | C224: 3 | D224: 518 211-165 : APPLIED MYCOLOGY | E224: 43 | F224: 4205 ว.4 | G224: วรภาส พรมเสน , พัชราพร พงษ์พัฒน์ | H224: เอกพันธ์ บางยี่ขัน | I224: C:Lecture | J224: - | K224: เอกพันธ์ บางยี่ขัน | L224: =DATE(2024,M224,N224) -> 45541 | M224: 9 | N224: 6 | O224: 2024
A225: 45541 | B225: 13:00 - 16:00 | C225: 3 | D225: 520 442-160 : WEB SERVICE | E225: 50 | F225: 1227/2 ว.1 | G225: เสฐลัทธ์ รอดเหตุภัย , วัสรา รอดเหตุภัย , สานนท์ ยะหอม | H225: วัสรา รอดเหตุภัย | I225: C:Lecture | J225: - | K225: วัสรา รอดเหตุภัย | L225: =DATE(2024,M225,N225) -> 45541 | M225: 9 | N225: 6 | O225: 2024
A226: 45541 | B226: 13:00 - 16:00 | C226: 3 | D226: 520 212-2560 : LAWS AND ETHICS IN INFORMATION TECHNOLOGY | E226: 18 | F226: 4103 ว.4 | G226: บุญลักษณ์ นามนวน , ชลกรานต์ อวยจินดา | H226: กรัญญา สิทธิสงวน | I226: C:Lecture | J226: - | K226: เสาวลักษณ์ อร่ามพงศานุวัต , กรัญญา สิทธิสงวน | L226: =DATE(2024,M226,N226) -> 45541 | M226: 9 | N226: 6 | O226: 2024
A227: 45541 | B227: 13:00 - 16:00 | C227: 3 | D227: 522 301-2561-165 : ETHICS AND INFORMATION SECURITY | E227: 59 | F227: 4103 ว.4 | G227: บุญลักษณ์ นามนวน , ชลกรานต์ อวยจินดา | H227: กรัญญา สิทธิสงวน | I227: C:Lecture | J227: - | K227: เสาวลักษณ์ อร่ามพงศานุวัต , กรัญญา สิทธิสงวน | L227: =DATE(2024,M227,N227) -> 45541 | M227: 9 | N227: 6 | O227: 2024
A228: 45542 | B228: 09:00 - 11:00 | C228: 2 | D228: 513 103-2560-165 : GENERAL CHEMISTRY LABORATORY I | E228: 413 | F228: หอประชุม | G228: ศักดิ์ชัย เภาด้วง , สุนทร สุวอเขียว , พรทิพย์ ทองยิ่ง , ชนากานต์ เทพกรณ์ , พัฏฐ์ณิชา พัฒนศิริ , มิรันตรี ใจแสน | H228: สุนทร สุวอเขียว | I228: C:Lecture | J228: ทุกแถว | K228: พัฒนาวิศว์ สว่างลาภ , จิตนภา ศิริรักษ์ , สุธินี เกิดเทพ , สุนทร สุวอเขียว , พรทิพย์ ทองยิ่ง , กฤช เศรษฐการ , นัฐธพล ยอดศิลป์ | L228: =DATE(2024,M228,N228) -> 45542 | M228: 9 | N228: 7 | O228: 2024
A229: 45542 | B229: 09:00 - 11:00 | C229: 2 | D229: 513 103-165 : GENERAL CHEMISTRY LABORATORY I | E229: 280 | F229: 5406 ว.4 | G229: เอกพบ ขจรไพศาล , ธาริณี กฤษฎาพรอนันท์ , พันธ์วริศ บุญประจันทร์ , วรรณสิริ ล่าบ้านหลวง , จิราภรณ์ สุขนิพิฐพงษ์ | H229: สุนทร สุวอเขียว | I229: C:Lecture | J229: ทุกแถว | K229: พัฒนาวิศว์ สว่างลาภ , จิตนภา ศิริรักษ์ , สุธินี เกิดเทพ , สุนทร สุวอเขียว , พรทิพย์ ทองยิ่ง , กฤช เศรษฐการ , นัฐธพล ยอดศิลป์ | L229: =DATE(2024,M229,N229) -> 45542 | M229: 9 | N229: 7 | O229: 2024
A230: 45542 | B230: 09:00 - 11:00 | C230: 2 | D230: 513 103-165 : GENERAL CHEMISTRY LABORATORY I | E230: 155 | F230: ร.วท.1 | G230: ณัชปภา สงวนวงศ์ , กุลทัศน์ สุวัฒน์พิพัฒน์ , ขนิษฐา เมฆสวัสดิ์ , ภัทราพร เม้ามีศรี | H230: สุนทร สุวอเขียว | I230: C:Lecture | J230: ทุกแถว | K230: วราพร ภาราดามิตร , สุชารัตน์ สนองเกียรติ , สุนทร สุวอเขียว , ณิชนันทน์ สิรสุนทร | L230: =DATE(2024,M230,N230) -> 45542 | M230: 9 | N230: 7 | O230: 2024
... A288: 45543 | B288: 13:00 - 16:00 | C288: 3 | D288: 522 352-2561 : FEATURE ENGINEERING | E288: 1 | F288: 1227/1 ว.1 | G288: รัชดาพร คณาวงษ์ , อุทัย คันธะมาลา | H288: รัชดาพร คณาวงษ์ | I288: L:Lab | J288: - | K288: รัชดาพร คณาวงษ์ | L288: =DATE(2024,M288,N288) -> 45543 | M288: 9 | N288: 8 | O288: 2024

Sheet รับต้นฉบับ
A1: ตารางสอบกลางภาค ภาคการศึกษาต้น 2567
A2: วันสอบ | B2: เวลาสอบ | C2: จำนวนช.ม. | D2: รายวิชา | E2: อาจารย์ผู้สอน | F2: จำนวน | G2: remark | H2: color | I2: ห้อง | J2: กรรมการคุมสอบ | K2: กลุ่ม | L2: แถว | M2: remark | N2: color
A3: 45535 | B3: 09:00 - 11:00 | C3: 2 | D3: 513 427-2560 : POLYMER MATERIALS (ฟ้า) | E3: สุธินี เกิดเทพ | F3: 28 | G3: - | H3: สีฟ้า | I3: 4203 ว.4 | J3: เอกพันธ์ บางยี่ขัน , นันทนิตย์ วานิชาชีวะ | L3: - | M3: - | N3: สีฟ้า | O3: 8 | P3: 31 | Q3: 2024 | R3: =DATE(2024,O3,P3) -> 45535
A4: 45535 | B4: 09:00 - 11:00 | C4: 2 | D4: 523 201-165 : CHEMICAL AND MICROBIOLOGICAL SAFETY | E4: สุชารัตน์ สนองเกียรติ | F4: 44 | G4: - | H4: สีขาว | I4: 4203 ว.4 | J4: เอกพันธ์ บางยี่ขัน , นันทนิตย์ วานิชาชีวะ | L4: - | M4: - | N4: สีขาว | O4: 8 | P4: 31 | Q4: 2024 | R4: =DATE(2024,O4,P4) -> 45535
A5: 45535 | B5: 09:00 - 11:00 | C5: 2 | D5: 515 104-165 : STATISTICS FOR COMPUTING / 515 201--165-59 กลุ่ม 3 (Lab) | E5: ประหยัด แสงงาม | F5: 134 | G5: - | H5: สีขาว | I5: 1331 ว.1 | J5: กรพรรณ เศวตสุวรรณกุล , กฤษณา จันทร์เจริญ | L5: - | M5: - | N5: สีขาว | O5: 8 | P5: 31 | Q5: 2024 | R5: =DATE(2024,O5,P5) -> 45535
A6: 45535 | B6: 09:00 - 12:00 | C6: 3 | D6: 511 100-165 : PRECALCULUS | E6: ธรรมธาดา เขมะรัชตกำธร | F6: 126 | G6: - | H6: สีขาว | I6: ร.วท.1 | J6: ธรรมธาดา เขมะรัชตกำธร , สุภนิดา คำบาง , พันธ์วริศ บุญประจันทร์ | L6: ทุกแถว | M6: - | N6: สีขาว | O6: 8 | P6: 31 | Q6: 2024 | R6: =DATE(2024,O6,P6) -> 45535
A7: 45535 | B7: 09:00 - 12:00 | C7: 3 | D7: 511 101-165 : CALCULUS I | E7: ผกามาส พะวงษ์ | F7: 239 | G7: - | H7: สีขาว | I7: 5406 ว.4 | J7: ผกามาส พะวงษ์ , ณัชปภา สงวนวงศ์ , ขนิษฐา เมฆสวัสดิ์ , กฤช เศรษฐการ , พัฏฐ์ณิชา พัฒนศิริ | L7: ทุกแถว | M7: - | N7: สีขาว | O7: 8 | P7: 31 | Q7: 2024 | R7: =DATE(2024,O7,P7) -> 45535
A8: 45535 | B8: 09:00 - 12:00 | C8: 3 | D8: 511 104-2560-165 : CALCULUS FOR ENGINEERS I | E8: ธีระเดช ไหลสุพรรณวงศ์ | F8: 400 | G8: - | H8: สีขาว | I8: หอประชุม | J8: สุภาภรณ์ ธรรมประทีป , ธาริณี กฤษฎาพรอนันท์ , ชนากานต์ เทพกรณ์ , ธีระเดช ไหลสุพรรณวงศ์ , วรรณสิริ ล่าบ้านหลวง , ภัทราพร เม้ามีศรี | L8: ทุกแถว | M8: - | N8: สีขาว | O8: 8 | P8: 31 | Q8: 2024 | R8: =DATE(2024,O8,P8) -> 45535
A9: 45535 | B9: 09:00 - 12:00 | C9: 3 | D9: 511 119-167 : CALCULUS FOR MATHEMATICS TEACHERS I | E9: ผกามาส พะวงษ์ | F9: 58 | G9: - | H9: สีขาว | I9: 4204 ว.4 | J9: รัตนา ศรีทัศน์ , ภัททิยา นิมิตรนิวัฒน์ | L9: - | M9: - | N9: สีขาว | O9: 8 | P9: 31 | Q9: 2024 | R9: =DATE(2024,O9,P9) -> 45535
A10: 45535 | B10: 09:00 - 12:00 | C10: 3 | D10: 512 101-2562 : GENERAL BIOLOGY I | E10: กรกช ชั้นจิรกุล | F10: 24 | G10: - | H10: สีขาว | I10: 4205 ว.4 | J10: ณัฐพงศ์ ยิ่งยอดกุล , ศศิภา ตรงต่อมิตร | L10: - | M10: - | N10: สีขาว | O10: 8 | P10: 31 | Q10: 2024 | R10: =DATE(2024,O10,P10) -> 45535
A11: 45535 | B11: 09:00 - 12:00 | C11: 3 | D11: 512 105-165 : FUNDAMENTAL BIOLOGY | E11: สุธาทิพย์ อำนวยสิน | F11: 136 | G11: - | H11: สีขาว | I11: ไววิทย์พุทธารี | J11: สิราวรรณ สาสุข , มาริษา บำรุงเรือน , ภาณุพงษ์ ทองเปรม , ปิยาภรณ์ ทองพูล | L11: ทุกแถว | M11: - | N11: สีขาว | O11: 8 | P11: 31 | Q11: 2024 | R11: =DATE(2024,O11,P11) -> 45535
A12: 45535 | B12: 09:00 - 12:00 | C12: 3 | D12: 512 333-2560-165 : ANIMAL PHYSIOLOGY | E12: ชญาดา โชติศรีศุภรัตน์ | F12: 63 | G12: - | H12: สีขาว | I12: 4206 ว.4 | J12: พลเสรส์ รมอิสรส , ชญาดา โชติศรีศุภรัตน์ | L12: - | M12: - | N12: สีขาว | O12: 8 | P12: 31 | Q12: 2024 | R12: =DATE(2024,O12,P12) -> 45535
A13: 45535 | B13: 09:00 - 12:00 | C13: 3 | D13: 517 214-2561-165 : DATA STRUCTURE AND ALGORITHM (Lect) | E13: วัสรา รอดเหตุภัย | F13: 42 | G13: - | H13: สีขาว | I13: 1227/1-1227/2 ว.1 | J13: เสฐลัทธ์ รอดเหตุภัย , วัสรา รอดเหตุภัย , สานนท์ ยะหอม | L13: - | M13: - | N13: สีขาว | O13: 8 | P13: 31 | Q13: 2024 | R13: =DATE(2024,O13,P13) -> 45535
A14: 45535 | B14: 09:00 - 12:00 | C14: 3 | D14: 520 361-165 : SYSTEM ANALYSIS AND DESIGN อ.ปานใจ | E14: ปานใจ ธารทัศนวงศ์ | F14: 134 | G14: - | H14: สีขาว | I14: ร.วท.2 | J14: สาวิณี ปฐมสุริยะพร , อวัตถา แก้วหานาม , วรันธร สอนสงวน | L14: ทุกแถว | M14: - | N14: สีขาว | O14: 8 | P14: 31 | Q14: 2024 | R14: =DATE(2024,O14,P14) -> 45535
... A167: 45541 | B167: 09:00 - 12:00 | C167: 3 | D167: 520 487-2560 : SELECTED TOPICS IN INFORMATION TECHNOLOGY VII | E167: ปานใจ ธารทัศนวงศ์ | F167: 144 | G167: - | H167: สีขาว | I167: ร.วท.2 | J167: ดาวรุ่ง สังข์ทอง , รัฐพล อ้นแฉ่ง , สิราวรรณ สาสุข , สุธาทิพย์ อำนวยสิน | L167: ทุกแถว | M167: - | N167: สีขาว | O167: 9 | P167: 6 | Q167: 2024 | R167: =DATE(2024,O167,P167) -> 45541
A168: 45541 | B168: 13:00 - 15:00 | D168: 520 342-165 : SERVER SIDE WEB PROGRAMMING | E168: ณัฐโชติ พรหมฤทธิ์ | F168: 65 | G168: - | H168: สีขาว | I168: 1239 ว.1 | J168: เอกพบ ขจรไพศาล , ยศเวท สิริจามร | L168: - | M168: - | N168: สีขาว | O168: 9 | P168: 6 | Q168: 2024 | R168: =DATE(2024,O168,P168) -> 45541
A169: 45541 | B169: 13:00 - 16:00 | C169: 3 | D169: 511 351-2560-165 : INTRODUCTION TO GRAPH THEORY | E169: ประพันธ์พงศ์ พงศ์ศรีเอี่ยม | F169: 51 | G169: - | H169: สีขาว | I169: 4203 ว.4 | J169: มนตรี เอี่ยมพนากิจ , ณิชนันทน์ สิรสุนทร | L169: - | M169: - | N169: สีขาว | O169: 9 | P169: 6 | Q169: 2024 | R169: =DATE(2024,O169,P169) -> 45541
A170: 45541 | B170: 13:00 - 16:00 | C170: 3 | D170: 514 302-165 : INTRODUCTION TO SOLID STATE PHYSICS (ฟ้า) | E170: มนตรี เอี่ยมพนากิจ | F170: 6 | G170: - | H170: สีฟ้า | I170: 4203 ว.4 | J170: มนตรี เอี่ยมพนากิจ , ณิชนันทน์ สิรสุนทร | L170: - | M170: - | N170: สีฟ้า | O170: 9 | P170: 6 | Q170: 2024 | R170: =DATE(2024,O170,P170) -> 45541
A171: 45541 | B171: 13:00 - 16:00 | C171: 3 | D171: 512 236-2560-165 : VERTEBRATE ZOOLOGY LABORATORY | E171: กัมปนาท ธาราภูมิ | F171: 44 | G171: - | H171: สีขาว | I171: 4206 ว.4 | J171: กัมปนาท ธาราภูมิ , สิราวรรณ สาสุข | L171: - | M171: - | N171: สีขาว | O171: 9 | P171: 6 | Q171: 2024 | R171: =DATE(2024,O171,P171) -> 45541
A172: 45541 | B172: 13:00 - 16:00 | C172: 3 | D172: 513 251-2560-165 : ORGANIC CHEMISTRY I | E172: กนกอร ระย้านิล | F172: 149 | G172: - | H172: สีขาว | I172: ร.วท.1 | J172: กนกอร ระย้านิล , พัลลภ คันธิยงค์ , กิตติยาพร สิงห์สัมพันธ์ , ณัฐวรรณ วรวรรโณทัย | L172: ทุกแถว | M172: - | N172: สีขาว | O172: 9 | P172: 6 | Q172: 2024 | R172: =DATE(2024,O172,P172) -> 45541
A173: 45541 | B173: 13:00 - 16:00 | C173: 3 | D173: 515 231-165 : PROBABILITY AND STOCHASTIC PROCESS | E173: ชนกานต์ สังข์บุญชู | F173: 45 | G173: - | H173: สีขาว | I173: 4204 ว.4 | J173: ผ่องศรี เผ่าภูรี , นัฐธพล ยอดศิลป์ | L173: - | M173: - | N173: สีขาว | O173: 9 | P173: 6 | Q173: 2024 | R173: =DATE(2024,O173,P173) -> 45541
A174: 45541 | B174: 13:00 - 16:00 | C174: 3 | D174: 518 211-165 : APPLIED MYCOLOGY | E174: เอกพันธ์ บางยี่ขัน | F174: 43 | G174: - | H174: สีขาว | I174: 4205 ว.4 | J174: วรภาส พรมเสน , พัชราพร พงษ์พัฒน์ | L174: - | M174: - | N174: สีขาว | O174: 9 | P174: 6 | Q174: 2024 | R174: =DATE(2024,O174,P174) -> 45541
A175: 45541 | B175: 13:00 - 16:00 | C175: 3 | D175: 520 442-160 : WEB SERVICE (Lab) | E175: วัสรา รอดเหตุภัย | F175: 50 | G175: - | H175: สีขาว | I175: 1227/2 ว.1 | J175: เสฐลัทธ์ รอดเหตุภัย , วัสรา รอดเหตุภัย , สานนท์ ยะหอม | L175: - | M175: - | N175: สีขาว | O175: 9 | P175: 6 | Q175: 2024 | R175: =DATE(2024,O175,P175) -> 45541
A176: 45541 | B176: 13:00 - 16:00 | C176: 3 | D176: 520 212-2560 : LAWS AND ETHICS IN INFORMATION TECHNOLOGY / 522 301-2561-165 | E176: กรัญญา สิทธิสงวน | F176: 77 | G176: - | H176: สีขาว | I176: 4103 ว.4 | J176: บุญลักษณ์ นามนวน , ชลกรานต์ อวยจินดา | L176: - | M176: - | N176: สีขาว | O176: 9 | P176: 6 | Q176: 2024 | R176: =DATE(2024,O176,P176) -> 45541
A177: 45542 | B177: 09:00 - 11:00 | C177: 2 | D177: 513 103-2560-165 : GENERAL CHEMISTRY LABORATORY I | E177: สุนทร สุวอเขียว | F177: 693 | G177: - | H177: สีขาว | I177: หอประชุม | J177: ศักดิ์ชัย เภาด้วง , สุนทร สุวอเขียว , พรทิพย์ ทองยิ่ง , ชนากานต์ เทพกรณ์ , พัฏฐ์ณิชา พัฒนศิริ , มิรันตรี ใจแสน | L177: ทุกแถว | M177: - | N177: สีขาว | O177: 9 | P177: 7 | Q177: 2024 | R177: =DATE(2024,O177,P177) -> 45542
A178: 45542 | B178: 09:00 - 11:00 | C178: 2 | D178: 513 103-165 : GENERAL CHEMISTRY LABORATORY I | E178: สุนทร สุวอเขียว | F178: 155 | G178: - | H178: สีขาว | I178: ร.วท.1 | J178: ณัชปภา สงวนวงศ์ , กุลทัศน์ สุวัฒน์พิพัฒน์ , ขนิษฐา เมฆสวัสดิ์ , ภัทราพร เม้ามีศรี | L178: ทุกแถว | M178: - | N178: สีขาว | O178: 9 | P178: 7 | Q178: 2024 | R178: =DATE(2024,O178,P178) -> 45542
A179: 45542 | B179: 09:00 - 11:00 | C179: 2 | D179: 513 107-2560-165 : BASIC CHEMISTRY LABORATORY | E179: สุชารัตน์ สนองเกียรติ | F179: 92 | G179: - | H179: สีขาว | I179: 4203 ว.4 | J179: ธนพล เจริญวงษ์ไพบูลย์ , สรัญณัชช์ บุญเปรม | L179: - | M179: - | N179: สีขาว | O179: 9 | P179: 7 | Q179: 2024 | R179: =DATE(2024,O179,P179) -> 45542
A180: 45542 | B180: 09:00 - 11:00 | C180: 2 | D180: 513 341-2560-165 : BIOCHEMISTRY I | E180: ชนากานต์ ทองสุข | F180: 442 | G180: - | H180: สีขาว | I180: ไววิทย์พุทธารี | J180: เดชา สุขมา , อังก์ศิริ ทิพยารมณ์ , สุภาภรณ์ ธรรมประทีป , จาตุรงค์ ผลประเสริฐ , ชนากานต์ ทองสุข | L180: ทุกแถว | M180: - | N180: สีขาว | O180: 9 | P180: 7 | Q180: 2024 | R180: =DATE(2024,O180,P180) -> 45542
... A222: 45543 | B222: 13:00 - 16:00 | C222: 3 | D222: 517 465-165 : FEATURE ENGINEERING / 517 481-2560 / 520 485-2560 / 522 352-2561 (Lab) | E222: รัชดาพร คณาวงษ์ | F222: 30 | G222: - | H222: สีขาว | I222: 1227/1 ว.1 | J222: รัชดาพร คณาวงษ์ , อุทัย คันธะมาลา | L222: - | M222: - | N222: สีขาว | O222: 9 | P222: 8 | Q222: 2024 | R222: =DATE(2024,O222,P222) -> 45543

Sheet Label
A1: 1 | B1: =_xlfn.XLOOKUP(A1,examTable!$A$2:$A$220,examTable!$E$2:$E$220) -> 513 427-2560 : POLYMER MATERIALS (ฟ้า) | C1: =_xlfn.XLOOKUP(A1,examTable!$A$2:$A$220,examTable!$F$2:$F$220) -> สุธินี เกิดเทพ | D1: รวม จำนวน............ซองห้องสอบ..........ห้อง | F1: 2 | G1: =_xlfn.XLOOKUP(F1,examTable!$A$2:$A$220,examTable!$E$2:$E$220) -> 523 201-165 : CHEMICAL AND MICROBIOLOGICAL SAFETY | H1: =_xlfn.XLOOKUP(F1,examTable!$A$2:$A$220,examTable!$F$2:$F$220) -> สุชารัตน์ สนองเกียรติ | I1: รวม จำนวน............ซองห้องสอบ..........ห้อง
A2: 3 | B2: =_xlfn.XLOOKUP(A2,examTable!$A$2:$A$220,examTable!$E$2:$E$220) -> 515 104-165 : STATISTICS FOR COMPUTING / 515 201--165-59 กลุ่ม 3 (Lab) | C2: =_xlfn.XLOOKUP(A2,examTable!$A$2:$A$220,examTable!$F$2:$F$220) -> ประหยัด แสงงาม | D2: รวม จำนวน............ซองห้องสอบ..........ห้อง | F2: 4 | G2: =_xlfn.XLOOKUP(F2,examTable!$A$2:$A$220,examTable!$E$2:$E$220) -> 511 100-165 : PRECALCULUS | H2: =_xlfn.XLOOKUP(F2,examTable!$A$2:$A$220,examTable!$F$2:$F$220) -> ธรรมธาดา เขมะรัชตกำธร | I2: รวม จำนวน............ซองห้องสอบ..........ห้อง
A3: 5 | B3: =_xlfn.XLOOKUP(A3,examTable!$A$2:$A$220,examTable!$E$2:$E$220) -> 511 101-165 : CALCULUS I | C3: =_xlfn.XLOOKUP(A3,examTable!$A$2:$A$220,examTable!$F$2:$F$220) -> ผกามาส พะวงษ์ | D3: รวม จำนวน............ซองห้องสอบ..........ห้อง | F3: 6 | G3: =_xlfn.XLOOKUP(F3,examTable!$A$2:$A$220,examTable!$E$2:$E$220) -> 511 104-2560-165 : CALCULUS FOR ENGINEERS I | H3: =_xlfn.XLOOKUP(F3,examTable!$A$2:$A$220,examTable!$F$2:$F$220) -> ธีระเดช ไหลสุพรรณวงศ์ | I3: รวม จำนวน............ซองห้องสอบ..........ห้อง
A4: 7 | B4: =_xlfn.XLOOKUP(A4,examTable!$A$2:$A$220,examTable!$E$2:$E$220) -> 511 119-167 : CALCULUS FOR MATHEMATICS TEACHERS I | C4: =_xlfn.XLOOKUP(A4,examTable!$A$2:$A$220,examTable!$F$2:$F$220) -> ผกามาส พะวงษ์ | D4: รวม จำนวน............ซองห้องสอบ..........ห้อง | F4: 8 | G4: =_xlfn.XLOOKUP(F4,examTable!$A$2:$A$220,examTable!$E$2:$E$220) -> 512 101-2562 : GENERAL BIOLOGY I | H4: =_xlfn.XLOOKUP(F4,examTable!$A$2:$A$220,examTable!$F$2:$F$220) -> กรกช ชั้นจิรกุล | I4: รวม จำนวน............ซองห้องสอบ..........ห้อง
A5: 9 | B5: =_xlfn.XLOOKUP(A5,examTable!$A$2:$A$220,examTable!$E$2:$E$220) -> 512 105-165 : FUNDAMENTAL BIOLOGY | C5: =_xlfn.XLOOKUP(A5,examTable!$A$2:$A$220,examTable!$F$2:$F$220) -> สุธาทิพย์ อำนวยสิน | D5: รวม จำนวน............ซองห้องสอบ..........ห้อง | F5: 10 | G5: =_xlfn.XLOOKUP(F5,examTable!$A$2:$A$220,examTable!$E$2:$E$220) -> 512 333-2560-165 : ANIMAL PHYSIOLOGY | H5: =_xlfn.XLOOKUP(F5,examTable!$A$2:$A$220,examTable!$F$2:$F$220) -> ชญาดา โชติศรีศุภรัตน์ | I5: รวม จำนวน............ซองห้องสอบ..........ห้อง
A6: 11 | B6: =_xlfn.XLOOKUP(A6,examTable!$A$2:$A$220,examTable!$E$2:$E$220) -> 517 214-2561-165 : DATA STRUCTURE AND ALGORITHM (Lect) | C6: =_xlfn.XLOOKUP(A6,examTable!$A$2:$A$220,examTable!$F$2:$F$220) -> วัสรา รอดเหตุภัย | D6: รวม จำนวน............ซองห้องสอบ..........ห้อง | F6: 12 | G6: =_xlfn.XLOOKUP(F6,examTable!$A$2:$A$220,examTable!$E$2:$E$220) -> 520 361-165 : SYSTEM ANALYSIS AND DESIGN อ.ปานใจ | H6: =_xlfn.XLOOKUP(F6,examTable!$A$2:$A$220,examTable!$F$2:$F$220) -> ปานใจ ธารทัศนวงศ์ | I6: รวม จำนวน............ซองห้องสอบ..........ห้อง
A7: 13 | B7: =_xlfn.XLOOKUP(A7,examTable!$A$2:$A$220,examTable!$E$2:$E$220) -> 520 361-2560-165 : SYSTEM ANALYSIS AND DESIGN อ.อรวรรณ | C7: =_xlfn.XLOOKUP(A7,examTable!$A$2:$A$220,examTable!$F$2:$F$220) -> อรวรรณ เชาวลิต | D7: รวม จำนวน............ซองห้องสอบ..........ห้อง | F7: 14 | G7: =_xlfn.XLOOKUP(F7,examTable!$A$2:$A$220,examTable!$E$2:$E$220) -> 513 343-2560-165 : BIOCHEMISTRY LABORATORY | H7: =_xlfn.XLOOKUP(F7,examTable!$A$2:$A$220,examTable!$F$2:$F$220) -> ชนากานต์ ทองสุข | I7: รวม จำนวน............ซองห้องสอบ..........ห้อง
A8: 15 | B8: =_xlfn.XLOOKUP(A8,examTable!$A$2:$A$220,examTable!$E$2:$E$220) -> 511 105-165 : CALCULUS FOR MATERIALS ENGINEERS | C8: =_xlfn.XLOOKUP(A8,examTable!$A$2:$A$220,examTable!$F$2:$F$220) -> ธีระเดช ไหลสุพรรณวงศ์ | D8: รวม จำนวน............ซองห้องสอบ..........ห้อง | F8: 16 | G8: =_xlfn.XLOOKUP(F8,examTable!$A$2:$A$220,examTable!$E$2:$E$220) -> 511 115-165 : CALCULUS FOR INDUSTRIAL ENGINEERS I | H8: =_xlfn.XLOOKUP(F8,examTable!$A$2:$A$220,examTable!$F$2:$F$220) -> รัตนา ศรีทัศน์ | I8: รวม จำนวน............ซองห้องสอบ..........ห้อง
A9: 17 | B9: =_xlfn.XLOOKUP(A9,examTable!$A$2:$A$220,examTable!$E$2:$E$220) -> 511 117-165 : ESSENTIAL MATHEMATICS FOR CHEMICAL ENGINEERS | C9: =_xlfn.XLOOKUP(A9,examTable!$A$2:$A$220,examTable!$F$2:$F$220) -> รัตนา ศรีทัศน์ | D9: รวม จำนวน............ซองห้องสอบ..........ห้อง | F9: 18 | G9: =_xlfn.XLOOKUP(F9,examTable!$A$2:$A$220,examTable!$E$2:$E$220) -> 511 482-2560 : SELECTED TOPICS IN MATHEMATICS II / 511 485-162 (ฟ้า) | H9: =_xlfn.XLOOKUP(F9,examTable!$A$2:$A$220,examTable!$F$2:$F$220) -> ประพันธ์พงศ์ พงศ์ศรีเอี่ยม | I9: รวม จำนวน............ซองห้องสอบ..........ห้อง
A10: 19 | B10: =_xlfn.XLOOKUP(A10,examTable!$A$2:$A$220,examTable!$E$2:$E$220) -> 512 103-2562 : GENERAL BIOLOGY LABORATORY I | C10: =_xlfn.XLOOKUP(A10,examTable!$A$2:$A$220,examTable!$F$2:$F$220) -> กรกช ชั้นจิรกุล | D10: รวม จำนวน............ซองห้องสอบ..........ห้อง | F10: 20 | G10: =_xlfn.XLOOKUP(F10,examTable!$A$2:$A$220,examTable!$E$2:$E$220) -> 513 250-2560-165 : ORGANIC CHEMISTRY | H10: =_xlfn.XLOOKUP(F10,examTable!$A$2:$A$220,examTable!$F$2:$F$220) -> มูฮำหมัด นิยมเดชา | I10: รวม จำนวน............ซองห้องสอบ..........ห้อง
A11: 21 | B11: =_xlfn.XLOOKUP(A11,examTable!$A$2:$A$220,examTable!$E$2:$E$220) -> 513 257-2560-165 : FUNDAMENTAL ORGANIC CHEMISTRY | C11: =_xlfn.XLOOKUP(A11,examTable!$A$2:$A$220,examTable!$F$2:$F$220) -> วยา พุทธวงศ์ | D11: รวม จำนวน............ซองห้องสอบ..........ห้อง | F11: 22 | G11: =_xlfn.XLOOKUP(F11,examTable!$A$2:$A$220,examTable!$E$2:$E$220) -> 517 214-2561-165 : DATA STRUCTURE AND ALGORITHM (Lab) | H11: =_xlfn.XLOOKUP(F11,examTable!$A$2:$A$220,examTable!$F$2:$F$220) -> วัสรา รอดเหตุภัย | I11: รวม จำนวน............ซองห้องสอบ..........ห้อง
A12: 23 | B12: =_xlfn.XLOOKUP(A12,examTable!$A$2:$A$220,examTable!$E$2:$E$220) -> 517 212-165 : DISCRETE COMPUTATIONAL STRUCTURES / 517 213-2560 | C12: =_xlfn.XLOOKUP(A12,examTable!$A$2:$A$220,examTable!$F$2:$F$220) -> คทา ประดิษฐวงศ์ | D12: รวม จำนวน............ซองห้องสอบ..........ห้อง | F12: 24 | G12: =_xlfn.XLOOKUP(F12,examTable!$A$2:$A$220,examTable!$E$2:$E$220) -> 524 101-166 : NATURE OF SCIENCE (ฟ้า) | H12: =_xlfn.XLOOKUP(F12,examTable!$A$2:$A$220,examTable!$F$2:$F$220) -> วิทวัส หาญดี | I12: รวม จำนวน............ซองห้องสอบ..........ห้อง
... A109: 217 | B109: =_xlfn.XLOOKUP(A109,examTable!$A$2:$A$220,examTable!$E$2:$E$220) -> 516 302-2560 : BASIC REMOTE SENSING (ฟ้า) | C109: =_xlfn.XLOOKUP(A109,examTable!$A$2:$A$220,examTable!$F$2:$F$220) -> อรประภา ภุมมะกาญจนะ โรแบร์ | D109: รวม จำนวน............ซองห้องสอบ..........ห้อง | F109: 218 | G109: =_xlfn.XLOOKUP(F109,examTable!$A$2:$A$220,examTable!$E$2:$E$220) -> 520 322-2560-165 : BUSINESS INFORMATION SYSTEMS | H109: =_xlfn.XLOOKUP(F109,examTable!$A$2:$A$220,examTable!$F$2:$F$220) -> เสาวลักษณ์ อร่ามพงศานุวัต | I109: รวม จำนวน............ซองห้องสอบ..........ห้อง
A110: 219 | B110: =_xlfn.XLOOKUP(A110,examTable!$A$2:$A$220,examTable!$E$2:$E$220) -> 517 465-165 : FEATURE ENGINEERING / 517 481-2560 / 520 485-2560 / 522 352-2561 (Lab) | C110: =_xlfn.XLOOKUP(A110,examTable!$A$2:$A$220,examTable!$F$2:$F$220) -> รัชดาพร คณาวงษ์ | D110: รวม จำนวน............ซองห้องสอบ..........ห้อง | F110: 220 | I110: รวม จำนวน............ซองห้องสอบ..........ห้อง
A111: 221 | D111: รวม จำนวน............ซองห้องสอบ..........ห้อง | F111: 222 | I111: รวม จำนวน............ซองห้องสอบ..........ห้อง
A112: 223 | D112: รวม จำนวน............ซองห้องสอบ..........ห้อง | F112: 224 | I112: รวม จำนวน............ซองห้องสอบ..........ห้อง
A113: 225 | D113: รวม จำนวน............ซองห้องสอบ..........ห้อง | F113: 226 | I113: รวม จำนวน............ซองห้องสอบ..........ห้อง
A114: 227 | D114: รวม จำนวน............ซองห้องสอบ..........ห้อง | F114: 228 | I114: รวม จำนวน............ซองห้องสอบ..........ห้อง
A115: 229 | D115: รวม จำนวน............ซองห้องสอบ..........ห้อง | F115: 230 | I115: รวม จำนวน............ซองห้องสอบ..........ห้อง
A116: 231 | D116: รวม จำนวน............ซองห้องสอบ..........ห้อง | F116: 232 | I116: รวม จำนวน............ซองห้องสอบ..........ห้อง
A117: 233 | D117: รวม จำนวน............ซองห้องสอบ..........ห้อง | F117: 234 | I117: รวม จำนวน............ซองห้องสอบ..........ห้อง
A118: 235 | D118: รวม จำนวน............ซองห้องสอบ..........ห้อง | F118: 236 | I118: รวม จำนวน............ซองห้องสอบ..........ห้อง
A119: 237 | D119: รวม จำนวน............ซองห้องสอบ..........ห้อง | F119: 238 | I119: รวม จำนวน............ซองห้องสอบ..........ห้อง
A120: 239 | D120: รวม จำนวน............ซองห้องสอบ..........ห้อง | F120: 240 | I120: รวม จำนวน............ซองห้องสอบ..........ห้อง
A121: 241 | D121: รวม จำนวน............ซองห้องสอบ..........ห้อง | F121: 242 | I121: รวม จำนวน............ซองห้องสอบ..........ห้อง
A122: 243 | D122: รวม จำนวน............ซองห้องสอบ..........ห้อง | F122: 244 | I122: รวม จำนวน............ซองห้องสอบ..........ห้อง
... A125: 249 | D125: รวม จำนวน............ซองห้องสอบ..........ห้อง | F125: 250 | I125: รวม จำนวน............ซองห้องสอบ..........ห้อง
A126: =A125+2 -> 251 | D126: รวม จำนวน............ซองห้องสอบ..........ห้อง | F126: =F125+2 -> 252 | I126: รวม จำนวน............ซองห้องสอบ..........ห้อง
A127: =A126+2 -> 253 | D127: รวม จำนวน............ซองห้องสอบ..........ห้อง | F127: =F126+2 -> 254 | I127: รวม จำนวน............ซองห้องสอบ..........ห้อง
A128: =A127+2 -> 255 | D128: รวม จำนวน............ซองห้องสอบ..........ห้อง | F128: =F127+2 -> 256 | I128: รวม จำนวน............ซองห้องสอบ..........ห้อง
A129: =A128+2 -> 257 | D129: รวม จำนวน............ซองห้องสอบ..........ห้อง | F129: =F128+2 -> 258 | I129: รวม จำนวน............ซองห้องสอบ..........ห้อง
A130: =A129+2 -> 259 | D130: รวม จำนวน............ซองห้องสอบ..........ห้อง | F130: =F129+2 -> 260 | I130: รวม จำนวน............ซองห้องสอบ..........ห้อง

Sheet ใบส่งต้นฉบับ
A1: ใบส่งต้นฉบับและรับข้อสอบกลับ
A2: สอบกลางภาคต้น ปีการศึกษา 2567 (31 ส.ค. - 8 ก.ย. 2567)
A3: ref | B3: วันสอบ | C3: เวลาสอบ | D3: hr | E3: วิชา | F3: ผู้สอน | G3: นศ | H3: เซ็นส่ง | I3: วันส่ง | J3: เซ็นรับ | K3: วันรับ | L3: ซอง | M3: ref
A4: 1 | B4: 45535 | C4: 09:00 - 11:00 | D4: 2 | E4: 513 427-2560 : POLYMER MATERIALS (ฟ้า) | F4: สุธินี เกิดเทพ | G4: 28 | M4: 1
A5: 2 | B5: 45535 | C5: 09:00 - 11:00 | D5: 2 | E5: 523 201-165 : CHEMICAL AND MICROBIOLOGICAL SAFETY | F5: สุชารัตน์ สนองเกียรติ | G5: 44 | M5: 2
A6: 3 | B6: 45535 | C6: 09:00 - 11:00 | D6: 2 | E6: 515 104-165 : STATISTICS FOR COMPUTING / 515 201--165-59 กลุ่ม 3 (Lab) | F6: ประหยัด แสงงาม | G6: 134 | M6: 3
A7: 4 | B7: 45535 | C7: 09:00 - 12:00 | D7: 3 | E7: 511 100-165 : PRECALCULUS | F7: ธรรมธาดา เขมะรัชตกำธร | G7: 126 | M7: 4
A8: 5 | B8: 45535 | C8: 09:00 - 12:00 | D8: 3 | E8: 511 101-165 : CALCULUS I | F8: ผกามาส พะวงษ์ | G8: 239 | M8: 5
A9: 6 | B9: 45535 | C9: 09:00 - 12:00 | D9: 3 | E9: 511 104-2560-165 : CALCULUS FOR ENGINEERS I | F9: ธีระเดช ไหลสุพรรณวงศ์ | G9: 400 | M9: 6
A10: 7 | B10: 45535 | C10: 09:00 - 12:00 | D10: 3 | E10: 511 119-167 : CALCULUS FOR MATHEMATICS TEACHERS I | F10: ผกามาส พะวงษ์ | G10: 58 | M10: 7
A11: 8 | B11: 45535 | C11: 09:00 - 12:00 | D11: 3 | E11: 512 101-2562 : GENERAL BIOLOGY I | F11: กรกช ชั้นจิรกุล | G11: 24 | M11: 8
A12: 9 | B12: 45535 | C12: 09:00 - 12:00 | D12: 3 | E12: 512 105-165 : FUNDAMENTAL BIOLOGY | F12: สุธาทิพย์ อำนวยสิน | G12: 136 | M12: 9
A13: 10 | B13: 45535 | C13: 09:00 - 12:00 | D13: 3 | E13: 512 333-2560-165 : ANIMAL PHYSIOLOGY | F13: ชญาดา โชติศรีศุภรัตน์ | G13: 63 | M13: 10
A14: 11 | B14: 45535 | C14: 09:00 - 12:00 | D14: 3 | E14: 517 214-2561-165 : DATA STRUCTURE AND ALGORITHM (Lect) | F14: วัสรา รอดเหตุภัย | G14: 42 | M14: 11
A15: 12 | B15: 45535 | C15: 09:00 - 12:00 | D15: 3 | E15: 520 361-165 : SYSTEM ANALYSIS AND DESIGN อ.ปานใจ | F15: ปานใจ ธารทัศนวงศ์ | G15: 134 | M15: 12
... A222: 219 | B222: 45543 | C222: 13:00 - 16:00 | D222: 3 | E222: 517 465-165 : FEATURE ENGINEERING / 517 481-2560 / 520 485-2560 / 522 352-2561 (Lab) | F222: รัชดาพร คณาวงษ์ | G222: 30 | M222: 219
A223: 220 | M223: 220
A224: 221 | M224: 221
A225: 222 | M225: 222
A226: 223 | M226: 223
A227: 224 | M227: 224
A228: 225 | M228: 225
A229: 226 | M229: 226
A230: 227 | M230: 227
A231: 228 | M231: 228
A232: 229 | M232: 229
A233: 230 | M233: 230
A234: 231 | M234: 231
... A263: 260 | M263: 260

Sheet กรรมการคุมสอบ
A1: ref | B1: no | C1: edate | D1: etime | E1: hr | F1: course | G1: num_st | H1: Room | I1: Proctor | J1: remark
A2: 1 | B2: 1 | C2: 45535 | D2: 09:00 - 11:00 | E2: 2 | F2: 513 427-2560 : POLYMER MATERIALS (ฟ้า) | G2: 28 | H2: 4203 ว.4 | I2: เอกพันธ์ บางยี่ขัน , นันทนิตย์ วานิชาชีวะ | J2: สุธินี เกิดเทพ
A3: 2 | B3: 2 | C3: 45535 | D3: 09:00 - 11:00 | E3: 2 | F3: 523 201-165 : CHEMICAL AND MICROBIOLOGICAL SAFETY | G3: 44 | H3: 4203 ว.4 | I3: เอกพันธ์ บางยี่ขัน , นันทนิตย์ วานิชาชีวะ | J3: สุชารัตน์ สนองเกียรติ
A4: 3 | B4: 3 | C4: 45535 | D4: 09:00 - 11:00 | E4: 2 | F4: 515 104-165 : STATISTICS FOR COMPUTING | G4: 48 | H4: 1331 ว.1 | I4: กรพรรณ เศวตสุวรรณกุล , กฤษณา จันทร์เจริญ | J4: ประหยัด แสงงาม
A5: 3 | B5: 4 | C5: 45535 | D5: 09:00 - 11:00 | E5: 2 | F5: 515 104-165 : STATISTICS FOR COMPUTING | G5: 27 | H5: 1334 ว.1 | I5: อดิศักดิ์ เม้ามีศรี , ชัยวัฒน์ ศรีสร้อยแก้ว | J5: ประหยัด แสงงาม
A6: 3 | B6: 5 | C6: 45535 | D6: 09:00 - 11:00 | E6: 2 | F6: 515 201-59 : ELEMENTARY STATISTICS กลุ่ม 3 | G6: 17 | H6: 1334 ว.1 | I6: อดิศักดิ์ เม้ามีศรี , ชัยวัฒน์ ศรีสร้อยแก้ว | J6: ประหยัด แสงงาม
A7: 3 | B7: 6 | C7: 45535 | D7: 09:00 - 11:00 | E7: 2 | F7: 515 201-165 : ELEMENTARY STATISTICS | G7: 42 | H7: 1334 ว.1 | I7: อดิศักดิ์ เม้ามีศรี , ชัยวัฒน์ ศรีสร้อยแก้ว | J7: ประหยัด แสงงาม
A8: 4 | B8: 7 | C8: 45535 | D8: 09:00 - 12:00 | E8: 3 | F8: 511 100-165 : PRECALCULUS | G8: 126 | H8: ร.วท.1 | I8: ธรรมธาดา เขมะรัชตกำธร , สุภนิดา คำบาง , พันธ์วริศ บุญประจันทร์ | J8: ธรรมธาดา เขมะรัชตกำธร
A9: 5 | B9: 8 | C9: 45535 | D9: 09:00 - 12:00 | E9: 3 | F9: 511 101-165 : CALCULUS I | G9: 239 | H9: 5406 ว.4 | I9: ผกามาส พะวงษ์ , ณัชปภา สงวนวงศ์ , ขนิษฐา เมฆสวัสดิ์ , กฤช เศรษฐการ , พัฏฐ์ณิชา พัฒนศิริ | J9: ผกามาส พะวงษ์
A10: 6 | B10: 9 | C10: 45535 | D10: 09:00 - 12:00 | E10: 3 | F10: 511 104-2560-165 : CALCULUS FOR ENGINEERS I | G10: 400 | H10: หอประชุม | I10: สุภาภรณ์ ธรรมประทีป , ธาริณี กฤษฎาพรอนันท์ , ชนากานต์ เทพกรณ์ , ธีระเดช ไหลสุพรรณวงศ์ , วรรณสิริ ล่าบ้านหลวง , ภัทราพร เม้ามีศรี | J10: ธีระเดช ไหลสุพรรณวงศ์
A11: 7 | B11: 10 | C11: 45535 | D11: 09:00 - 12:00 | E11: 3 | F11: 511 119-167 : CALCULUS FOR MATHEMATICS TEACHERS I | G11: 58 | H11: 4204 ว.4 | I11: รัตนา ศรีทัศน์ , ภัททิยา นิมิตรนิวัฒน์ | J11: ผกามาส พะวงษ์
A12: 8 | B12: 11 | C12: 45535 | D12: 09:00 - 12:00 | E12: 3 | F12: 512 101-2562 : GENERAL BIOLOGY I | G12: 24 | H12: 4205 ว.4 | I12: ณัฐพงศ์ ยิ่งยอดกุล , ศศิภา ตรงต่อมิตร | J12: กรกช ชั้นจิรกุล
A13: 9 | B13: 12 | C13: 45535 | D13: 09:00 - 12:00 | E13: 3 | F13: 512 105-165 : FUNDAMENTAL BIOLOGY | G13: 136 | H13: ไววิทย์พุทธารี | I13: สิราวรรณ สาสุข , มาริษา บำรุงเรือน , ภาณุพงษ์ ทองเปรม , ปิยาภรณ์ ทองพูล | J13: สุธาทิพย์ อำนวยสิน
... A286: 219 | B286: 285 | C286: 45543 | D286: 13:00 - 16:00 | E286: 3 | F286: 522 352-2561 : FEATURE ENGINEERING | G286: 1 | H286: 1227/1 ว.1 | I286: รัชดาพร คณาวงษ์ , อุทัย คันธะมาลา | J286: รัชดาพร คณาวงษ์

Sheet for examTable
A1: ref | B1: eDate | C1: eTime | D1: hr | E1: Course | F1: Lecturer | G1: no_st | H1: remark | I1: color
A2: 1 | B2: 45535 | C2: 09:00 - 11:00 | D2: 2 | E2: 513 427-2560 : POLYMER MATERIALS (ฟ้า) | F2: สุธินี เกิดเทพ | G2: 28 | H2: - | I2: สีฟ้า | K2: =TRIM(E2) -> 513 427-2560 : POLYMER MATERIALS (ฟ้า)
A3: 2 | B3: 45535 | C3: 09:00 - 11:00 | D3: 2 | E3: 523 201-165 : CHEMICAL AND MICROBIOLOGICAL SAFETY | F3: สุชารัตน์ สนองเกียรติ | G3: 44 | H3: - | I3: สีขาว | K3: =TRIM(E3) -> 523 201-165 : CHEMICAL AND MICROBIOLOGICAL SAFETY
A4: 3 | B4: 45535 | C4: 09:00 - 11:00 | D4: 2 | E4: 515 104-165 : STATISTICS FOR COMPUTING / 515 201--165-59 กลุ่ม 3 (Lab) | F4: ประหยัด แสงงาม | G4: 134 | H4: - | I4: สีขาว | K4: =TRIM(E4) -> 515 104-165 : STATISTICS FOR COMPUTING / 515 201--165-59 กลุ่ม 3 (Lab)
A5: 4 | B5: 45535 | C5: 09:00 - 12:00 | D5: 3 | E5: 511 100-165 : PRECALCULUS | F5: ธรรมธาดา เขมะรัชตกำธร | G5: 126 | H5: - | I5: สีขาว | K5: =TRIM(E5) -> 511 100-165 : PRECALCULUS
A6: 5 | B6: 45535 | C6: 09:00 - 12:00 | D6: 3 | E6: 511 101-165 : CALCULUS I | F6: ผกามาส พะวงษ์ | G6: 239 | H6: - | I6: สีขาว | K6: =TRIM(E6) -> 511 101-165 : CALCULUS I
A7: 6 | B7: 45535 | C7: 09:00 - 12:00 | D7: 3 | E7: 511 104-2560-165 : CALCULUS FOR ENGINEERS I | F7: ธีระเดช ไหลสุพรรณวงศ์ | G7: 400 | H7: - | I7: สีขาว | K7: =TRIM(E7) -> 511 104-2560-165 : CALCULUS FOR ENGINEERS I
A8: 7 | B8: 45535 | C8: 09:00 - 12:00 | D8: 3 | E8: 511 119-167 : CALCULUS FOR MATHEMATICS TEACHERS I | F8: ผกามาส พะวงษ์ | G8: 58 | H8: - | I8: สีขาว | K8: =TRIM(E8) -> 511 119-167 : CALCULUS FOR MATHEMATICS TEACHERS I
A9: 8 | B9: 45535 | C9: 09:00 - 12:00 | D9: 3 | E9: 512 101-2562 : GENERAL BIOLOGY I | F9: กรกช ชั้นจิรกุล | G9: 24 | H9: - | I9: สีขาว | K9: =TRIM(E9) -> 512 101-2562 : GENERAL BIOLOGY I
A10: 9 | B10: 45535 | C10: 09:00 - 12:00 | D10: 3 | E10: 512 105-165 : FUNDAMENTAL BIOLOGY | F10: สุธาทิพย์ อำนวยสิน | G10: 136 | H10: - | I10: สีขาว | K10: =TRIM(E10) -> 512 105-165 : FUNDAMENTAL BIOLOGY
A11: 10 | B11: 45535 | C11: 09:00 - 12:00 | D11: 3 | E11: 512 333-2560-165 : ANIMAL PHYSIOLOGY | F11: ชญาดา โชติศรีศุภรัตน์ | G11: 63 | H11: - | I11: สีขาว | K11: =TRIM(E11) -> 512 333-2560-165 : ANIMAL PHYSIOLOGY
A12: 11 | B12: 45535 | C12: 09:00 - 12:00 | D12: 3 | E12: 517 214-2561-165 : DATA STRUCTURE AND ALGORITHM (Lect) | F12: วัสรา รอดเหตุภัย | G12: 42 | H12: - | I12: สีขาว | K12: =TRIM(E12) -> 517 214-2561-165 : DATA STRUCTURE AND ALGORITHM (Lect)
A13: 12 | B13: 45535 | C13: 09:00 - 12:00 | D13: 3 | E13: 520 361-165 : SYSTEM ANALYSIS AND DESIGN อ.ปานใจ | F13: ปานใจ ธารทัศนวงศ์ | G13: 134 | H13: - | I13: สีขาว | K13: =TRIM(E13) -> 520 361-165 : SYSTEM ANALYSIS AND DESIGN อ.ปานใจ
... A165: 164 | B165: 45541 | C165: 09:00 - 12:00 | D165: 3 | E165: 520 487-2560 : SELECTED TOPICS IN INFORMATION TECHNOLOGY VII | F165: ปานใจ ธารทัศนวงศ์ | G165: 144 | H165: - | I165: สีขาว | K165: =TRIM(E165) -> 520 487-2560 : SELECTED TOPICS IN INFORMATION TECHNOLOGY VII
A166: 165 | B166: 45541 | C166: 13:00 - 15:00 | E166: 520 342-165 : SERVER SIDE WEB PROGRAMMING | F166: ณัฐโชติ พรหมฤทธิ์ | G166: 65 | H166: - | I166: สีขาว | K166: =TRIM(E166) -> 520 342-165 : SERVER SIDE WEB PROGRAMMING
A167: 166 | B167: 45541 | C167: 13:00 - 16:00 | D167: 3 | E167: 511 351-2560-165 : INTRODUCTION TO GRAPH THEORY | F167: ประพันธ์พงศ์ พงศ์ศรีเอี่ยม | G167: 51 | H167: - | I167: สีขาว | K167: =TRIM(E167) -> 511 351-2560-165 : INTRODUCTION TO GRAPH THEORY
A168: 167 | B168: 45541 | C168: 13:00 - 16:00 | D168: 3 | E168: 514 302-165 : INTRODUCTION TO SOLID STATE PHYSICS (ฟ้า) | F168: มนตรี เอี่ยมพนากิจ | G168: 6 | H168: - | I168: สีฟ้า | K168: =TRIM(E168) -> 514 302-165 : INTRODUCTION TO SOLID STATE PHYSICS (ฟ้า)
A169: 168 | B169: 45541 | C169: 13:00 - 16:00 | D169: 3 | E169: 512 236-2560-165 : VERTEBRATE ZOOLOGY LABORATORY | F169: กัมปนาท ธาราภูมิ | G169: 44 | H169: - | I169: สีขาว | K169: =TRIM(E169) -> 512 236-2560-165 : VERTEBRATE ZOOLOGY LABORATORY
A170: 169 | B170: 45541 | C170: 13:00 - 16:00 | D170: 3 | E170: 513 251-2560-165 : ORGANIC CHEMISTRY I | F170: กนกอร ระย้านิล | G170: 149 | H170: - | I170: สีขาว | K170: =TRIM(E170) -> 513 251-2560-165 : ORGANIC CHEMISTRY I
A171: 170 | B171: 45541 | C171: 13:00 - 16:00 | D171: 3 | E171: 515 231-165 : PROBABILITY AND STOCHASTIC PROCESS | F171: ชนกานต์ สังข์บุญชู | G171: 45 | H171: - | I171: สีขาว | K171: =TRIM(E171) -> 515 231-165 : PROBABILITY AND STOCHASTIC PROCESS
A172: 171 | B172: 45541 | C172: 13:00 - 16:00 | D172: 3 | E172: 518 211-165 : APPLIED MYCOLOGY | F172: เอกพันธ์ บางยี่ขัน | G172: 43 | H172: - | I172: สีขาว | K172: =TRIM(E172) -> 518 211-165 : APPLIED MYCOLOGY
A173: 172 | B173: 45541 | C173: 13:00 - 16:00 | D173: 3 | E173: 520 442-160 : WEB SERVICE (Lab) | F173: วัสรา รอดเหตุภัย | G173: 50 | H173: - | I173: สีขาว | K173: =TRIM(E173) -> 520 442-160 : WEB SERVICE (Lab)
A174: 173 | B174: 45541 | C174: 13:00 - 16:00 | D174: 3 | E174: 520 212-2560 : LAWS AND ETHICS IN INFORMATION TECHNOLOGY / 522 301-2561-165 | F174: กรัญญา สิทธิสงวน | G174: 77 | H174: - | I174: สีขาว | K174: =TRIM(E174) -> 520 212-2560 : LAWS AND ETHICS IN INFORMATION TECHNOLOGY / 522 301-2561-165
A175: 174 | B175: 45542 | C175: 09:00 - 11:00 | D175: 2 | E175: 513 103-2560-165 : GENERAL CHEMISTRY LABORATORY I | F175: สุนทร สุวอเขียว | G175: 693 | H175: - | I175: สีขาว | K175: =TRIM(E175) -> 513 103-2560-165 : GENERAL CHEMISTRY LABORATORY I
A176: 175 | B176: 45542 | C176: 09:00 - 11:00 | D176: 2 | E176: 513 103-165 : GENERAL CHEMISTRY LABORATORY I | F176: สุนทร สุวอเขียว | G176: 155 | H176: - | I176: สีขาว | K176: =TRIM(E176) -> 513 103-165 : GENERAL CHEMISTRY LABORATORY I
A177: 176 | B177: 45542 | C177: 09:00 - 11:00 | D177: 2 | E177: 513 107-2560-165 : BASIC CHEMISTRY LABORATORY | F177: สุชารัตน์ สนองเกียรติ | G177: 92 | H177: - | I177: สีขาว | K177: =TRIM(E177) -> 513 107-2560-165 : BASIC CHEMISTRY LABORATORY
A178: 177 | B178: 45542 | C178: 09:00 - 11:00 | D178: 2 | E178: 513 341-2560-165 : BIOCHEMISTRY I | F178: ชนากานต์ ทองสุข | G178: 442 | H178: - | I178: สีขาว | K178: =TRIM(E178) -> 513 341-2560-165 : BIOCHEMISTRY I
... A220: 219 | B220: 45543 | C220: 13:00 - 16:00 | D220: 3 | E220: 517 465-165 : FEATURE ENGINEERING / 517 481-2560 / 520 485-2560 / 522 352-2561 (Lab) | F220: รัชดาพร คณาวงษ์ | G220: 30 | H220: - | I220: สีขาว | K220: =TRIM(E220) -> 517 465-165 : FEATURE ENGINEERING / 517 481-2560 / 520 485-2560 / 522 352-2561 (Lab)

Sheet examTable
A1: ref | B1: eDate | C1: eTime | D1: hr | E1: Course | F1: Lecturer | G1: no_st | H1: submit | I1: sub_date | J1: copy | K1: page | L1: recieve | M1: rec_date | N1: qty | O1: staple_corner | P1: staple_apart | Q1: calculator | R1: answerSheet | S1: answerBook_use | T1: remark | U1: color
A2: 1 | B2: 45535 | C2: 09:00 - 11:00 | D2: 2 | E2: 513 427-2560 : POLYMER MATERIALS (ฟ้า) | F2: สุธินี เกิดเทพ | G2: 28 | H2: FALSE | I2: 42736 | J2: 1 | K2: 1 | L2: FALSE | M2: 42736 | N2: 1 | O2: เย็บมุมรวม | P2: 1 ตอน(หน้า 1 - ) | Q2: ไม่อนุญาต | R2: ไม่ใช้ | S2: 0 | T2: - | U2: สีฟ้า
A3: 2 | B3: 45535 | C3: 09:00 - 11:00 | D3: 2 | E3: 523 201-165 : CHEMICAL AND MICROBIOLOGICAL SAFETY | F3: สุชารัตน์ สนองเกียรติ | G3: 44 | H3: FALSE | I3: 42736 | J3: 1 | K3: 1 | L3: FALSE | M3: 42736 | N3: 1 | O3: เย็บมุมรวม | P3: 1 ตอน(หน้า 1 - ) | Q3: ไม่อนุญาต | R3: ไม่ใช้ | S3: 0 | T3: - | U3: สีขาว
A4: 3 | B4: 45535 | C4: 09:00 - 11:00 | D4: 2 | E4: 515 104-165 : STATISTICS FOR COMPUTING / 515 201--165-59 กลุ่ม 3 (Lab) | F4: ประหยัด แสงงาม | G4: 134 | H4: FALSE | I4: 42736 | J4: 1 | K4: 1 | L4: FALSE | M4: 42736 | N4: 1 | O4: เย็บมุมรวม | P4: 1 ตอน(หน้า 1 - ) | Q4: ไม่อนุญาต | R4: ไม่ใช้ | S4: 0 | T4: - | U4: สีขาว
A5: 4 | B5: 45535 | C5: 09:00 - 12:00 | D5: 3 | E5: 511 100-165 : PRECALCULUS | F5: ธรรมธาดา เขมะรัชตกำธร | G5: 126 | H5: FALSE | I5: 42736 | J5: 1 | K5: 1 | L5: FALSE | M5: 42736 | N5: 1 | O5: เย็บมุมรวม | P5: 1 ตอน(หน้า 1 - ) | Q5: ไม่อนุญาต | R5: ไม่ใช้ | S5: 0 | T5: - | U5: สีขาว
A6: 5 | B6: 45535 | C6: 09:00 - 12:00 | D6: 3 | E6: 511 101-165 : CALCULUS I | F6: ผกามาส พะวงษ์ | G6: 239 | H6: FALSE | I6: 42736 | J6: 1 | K6: 1 | L6: FALSE | M6: 42736 | N6: 1 | O6: เย็บมุมรวม | P6: 1 ตอน(หน้า 1 - ) | Q6: ไม่อนุญาต | R6: ไม่ใช้ | S6: 0 | T6: - | U6: สีขาว
A7: 6 | B7: 45535 | C7: 09:00 - 12:00 | D7: 3 | E7: 511 104-2560-165 : CALCULUS FOR ENGINEERS I | F7: ธีระเดช ไหลสุพรรณวงศ์ | G7: 400 | H7: FALSE | I7: 42736 | J7: 1 | K7: 1 | L7: FALSE | M7: 42736 | N7: 1 | O7: เย็บมุมรวม | P7: 1 ตอน(หน้า 1 - ) | Q7: ไม่อนุญาต | R7: ไม่ใช้ | S7: 0 | T7: - | U7: สีขาว
A8: 7 | B8: 45535 | C8: 09:00 - 12:00 | D8: 3 | E8: 511 119-167 : CALCULUS FOR MATHEMATICS TEACHERS I | F8: ผกามาส พะวงษ์ | G8: 58 | H8: FALSE | I8: 42736 | J8: 1 | K8: 1 | L8: FALSE | M8: 42736 | N8: 1 | O8: เย็บมุมรวม | P8: 1 ตอน(หน้า 1 - ) | Q8: ไม่อนุญาต | R8: ไม่ใช้ | S8: 0 | T8: - | U8: สีขาว
A9: 8 | B9: 45535 | C9: 09:00 - 12:00 | D9: 3 | E9: 512 101-2562 : GENERAL BIOLOGY I | F9: กรกช ชั้นจิรกุล | G9: 24 | H9: FALSE | I9: 42736 | J9: 1 | K9: 1 | L9: FALSE | M9: 42736 | N9: 1 | O9: เย็บมุมรวม | P9: 1 ตอน(หน้า 1 - ) | Q9: ไม่อนุญาต | R9: ไม่ใช้ | S9: 0 | T9: - | U9: สีขาว
A10: 9 | B10: 45535 | C10: 09:00 - 12:00 | D10: 3 | E10: 512 105-165 : FUNDAMENTAL BIOLOGY | F10: สุธาทิพย์ อำนวยสิน | G10: 136 | H10: FALSE | I10: 42736 | J10: 1 | K10: 1 | L10: FALSE | M10: 42736 | N10: 1 | O10: เย็บมุมรวม | P10: 1 ตอน(หน้า 1 - ) | Q10: ไม่อนุญาต | R10: ไม่ใช้ | S10: 0 | T10: - | U10: สีขาว
A11: 10 | B11: 45535 | C11: 09:00 - 12:00 | D11: 3 | E11: 512 333-2560-165 : ANIMAL PHYSIOLOGY | F11: ชญาดา โชติศรีศุภรัตน์ | G11: 63 | H11: FALSE | I11: 42736 | J11: 1 | K11: 1 | L11: FALSE | M11: 42736 | N11: 1 | O11: เย็บมุมรวม | P11: 1 ตอน(หน้า 1 - ) | Q11: ไม่อนุญาต | R11: ไม่ใช้ | S11: 0 | T11: - | U11: สีขาว
A12: 11 | B12: 45535 | C12: 09:00 - 12:00 | D12: 3 | E12: 517 214-2561-165 : DATA STRUCTURE AND ALGORITHM (Lect) | F12: วัสรา รอดเหตุภัย | G12: 42 | H12: FALSE | I12: 42736 | J12: 1 | K12: 1 | L12: FALSE | M12: 42736 | N12: 1 | O12: เย็บมุมรวม | P12: 1 ตอน(หน้า 1 - ) | Q12: ไม่อนุญาต | R12: ไม่ใช้ | S12: 0 | T12: - | U12: สีขาว
A13: 12 | B13: 45535 | C13: 09:00 - 12:00 | D13: 3 | E13: 520 361-165 : SYSTEM ANALYSIS AND DESIGN อ.ปานใจ | F13: ปานใจ ธารทัศนวงศ์ | G13: 134 | H13: FALSE | I13: 42736 | J13: 1 | K13: 1 | L13: FALSE | M13: 42736 | N13: 1 | O13: เย็บมุมรวม | P13: 1 ตอน(หน้า 1 - ) | Q13: ไม่อนุญาต | R13: ไม่ใช้ | S13: 0 | T13: - | U13: สีขาว
... A220: 219 | B220: 45543 | C220: 13:00 - 16:00 | D220: 3 | E220: 517 465-165 : FEATURE ENGINEERING / 517 481-2560 / 520 485-2560 / 522 352-2561 (Lab) | F220: รัชดาพร คณาวงษ์ | G220: 30 | H220: FALSE | I220: 42736 | J220: 1 | K220: 1 | L220: FALSE | M220: 42736 | N220: 1 | O220: เย็บมุมรวม | P220: 1 ตอน(หน้า 1 - ) | Q220: ไม่อนุญาต | R220: ไม่ใช้ | S220: 0 | T220: - | U220: สีขาว

Sheet for roomExam
F1: for roomExam midterm test 1/2567
A3: ref | B3: no | C3: วันที่สอบ | D3: เวลาสอบ | E3: จำนวนช.ม. | F3: รายวิชา | G3: จำนวนนศ. | H3: ห้องสอบ | I3: กรรมการคุมสอบ | J3: remark | K3: ประเภท | L3: แถว
A4: 1 | B4: 1 | C4: 45535 | D4: 09:00 - 11:00 | E4: 2 | F4: 513 427-2560 : POLYMER MATERIALS (ฟ้า) | G4: 28 | H4: 4203 ว.4 | I4: เอกพันธ์ บางยี่ขัน , นันทนิตย์ วานิชาชีวะ | J4: สุธินี เกิดเทพ | K4: C:Lecture | L4: - | N4: =TRIM(F4) -> 513 427-2560 : POLYMER MATERIALS (ฟ้า)
A5: 2 | B5: 2 | C5: 45535 | D5: 09:00 - 11:00 | E5: 2 | F5: 523 201-165 : CHEMICAL AND MICROBIOLOGICAL SAFETY | G5: 44 | H5: 4203 ว.4 | I5: เอกพันธ์ บางยี่ขัน , นันทนิตย์ วานิชาชีวะ | J5: สุชารัตน์ สนองเกียรติ | K5: C:Lecture | L5: - | N5: =TRIM(F5) -> 523 201-165 : CHEMICAL AND MICROBIOLOGICAL SAFETY
A6: 3 | B6: 3 | C6: 45535 | D6: 09:00 - 11:00 | E6: 2 | F6: 515 104-165 : STATISTICS FOR COMPUTING | G6: 48 | H6: 1331 ว.1 | I6: กรพรรณ เศวตสุวรรณกุล , กฤษณา จันทร์เจริญ | J6: ประหยัด แสงงาม | K6: C:Lecture | L6: - | N6: =TRIM(F6) -> 515 104-165 : STATISTICS FOR COMPUTING
A7: 3 | B7: 4 | C7: 45535 | D7: 09:00 - 11:00 | E7: 2 | F7: 515 104-165 : STATISTICS FOR COMPUTING | G7: 27 | H7: 1334 ว.1 | I7: อดิศักดิ์ เม้ามีศรี , ชัยวัฒน์ ศรีสร้อยแก้ว | J7: ประหยัด แสงงาม | K7: C:Lecture | L7: - | N7: =TRIM(F7) -> 515 104-165 : STATISTICS FOR COMPUTING
A8: 3 | B8: 5 | C8: 45535 | D8: 09:00 - 11:00 | E8: 2 | F8: 515 201-59 : ELEMENTARY STATISTICS กลุ่ม 3 | G8: 17 | H8: 1334 ว.1 | I8: อดิศักดิ์ เม้ามีศรี , ชัยวัฒน์ ศรีสร้อยแก้ว | J8: ประหยัด แสงงาม | K8: C:Lecture | L8: - | N8: =TRIM(F8) -> 515 201-59 : ELEMENTARY STATISTICS กลุ่ม 3
A9: 3 | B9: 6 | C9: 45535 | D9: 09:00 - 11:00 | E9: 2 | F9: 515 201-165 : ELEMENTARY STATISTICS | G9: 42 | H9: 1334 ว.1 | I9: อดิศักดิ์ เม้ามีศรี , ชัยวัฒน์ ศรีสร้อยแก้ว | J9: ประหยัด แสงงาม | K9: C:Lecture | L9: - | N9: =TRIM(F9) -> 515 201-165 : ELEMENTARY STATISTICS
A10: 4 | B10: 7 | C10: 45535 | D10: 09:00 - 12:00 | E10: 3 | F10: 511 100-165 : PRECALCULUS | G10: 126 | H10: ร.วท.1 | I10: ธรรมธาดา เขมะรัชตกำธร , สุภนิดา คำบาง , พันธ์วริศ บุญประจันทร์ | J10: ธรรมธาดา เขมะรัชตกำธร | K10: C:Lecture | L10: ทุกแถว | N10: =TRIM(F10) -> 511 100-165 : PRECALCULUS
A11: 5 | B11: 8 | C11: 45535 | D11: 09:00 - 12:00 | E11: 3 | F11: 511 101-165 : CALCULUS I | G11: 239 | H11: 5406 ว.4 | I11: ผกามาส พะวงษ์ , ณัชปภา สงวนวงศ์ , ขนิษฐา เมฆสวัสดิ์ , กฤช เศรษฐการ , พัฏฐ์ณิชา พัฒนศิริ | J11: ผกามาส พะวงษ์ | K11: C:Lecture | L11: ทุกแถว | N11: =TRIM(F11) -> 511 101-165 : CALCULUS I
A12: 6 | B12: 9 | C12: 45535 | D12: 09:00 - 12:00 | E12: 3 | F12: 511 104-2560-165 : CALCULUS FOR ENGINEERS I | G12: 400 | H12: หอประชุม | I12: สุภาภรณ์ ธรรมประทีป , ธาริณี กฤษฎาพรอนันท์ , ชนากานต์ เทพกรณ์ , ธีระเดช ไหลสุพรรณวงศ์ , วรรณสิริ ล่าบ้านหลวง , ภัทราพร เม้ามีศรี | J12: ธีระเดช ไหลสุพรรณวงศ์ | K12: C:Lecture | L12: ทุกแถว | N12: =TRIM(F12) -> 511 104-2560-165 : CALCULUS FOR ENGINEERS I
A13: 7 | B13: 10 | C13: 45535 | D13: 09:00 - 12:00 | E13: 3 | F13: 511 119-167 : CALCULUS FOR MATHEMATICS TEACHERS I | G13: 58 | H13: 4204 ว.4 | I13: รัตนา ศรีทัศน์ , ภัททิยา นิมิตรนิวัฒน์ | J13: ผกามาส พะวงษ์ | K13: C:Lecture | L13: - | N13: =TRIM(F13) -> 511 119-167 : CALCULUS FOR MATHEMATICS TEACHERS I
A14: 8 | B14: 11 | C14: 45535 | D14: 09:00 - 12:00 | E14: 3 | F14: 512 101-2562 : GENERAL BIOLOGY I | G14: 24 | H14: 4205 ว.4 | I14: ณัฐพงศ์ ยิ่งยอดกุล , ศศิภา ตรงต่อมิตร | J14: กรกช ชั้นจิรกุล | K14: C:Lecture | L14: - | N14: =TRIM(F14) -> 512 101-2562 : GENERAL BIOLOGY I
A15: 9 | B15: 12 | C15: 45535 | D15: 09:00 - 12:00 | E15: 3 | F15: 512 105-165 : FUNDAMENTAL BIOLOGY | G15: 136 | H15: ไววิทย์พุทธารี | I15: สิราวรรณ สาสุข , มาริษา บำรุงเรือน , ภาณุพงษ์ ทองเปรม , ปิยาภรณ์ ทองพูล | J15: สุธาทิพย์ อำนวยสิน | K15: C:Lecture | L15: ทุกแถว | N15: =TRIM(F15) -> 512 105-165 : FUNDAMENTAL BIOLOGY
... A288: 219 | B288: 285 | C288: 45543 | D288: 13:00 - 16:00 | E288: 3 | F288: 522 352-2561 : FEATURE ENGINEERING | G288: 1 | H288: 1227/1 ว.1 | I288: รัชดาพร คณาวงษ์ , อุทัย คันธะมาลา | J288: รัชดาพร คณาวงษ์ | K288: L:Lab | L288: - | N288: =TRIM(F288) -> 522 352-2561 : FEATURE ENGINEERING

Sheet roomExam
A1: ref | B1: no | C1: edate | D1: etime | E1: hr | F1: course | G1: num_st | H1: ห้องสอบ | I1: remark | J1: แถว | K1: ประเภท | L1: กลุ่ม
A2: 1 | B2: 1 | C2: 45535 | D2: 09:00 - 11:00 | E2: 2 | F2: 513 427-2560 : POLYMER MATERIALS (ฟ้า) | G2: 28 | I2: สุธินี เกิดเทพ | J2: - | K2: C:Lecture | L2: -
A3: 2 | B3: 2 | C3: 45535 | D3: 09:00 - 11:00 | E3: 2 | F3: 523 201-165 : CHEMICAL AND MICROBIOLOGICAL SAFETY | G3: 44 | I3: สุชารัตน์ สนองเกียรติ | J3: - | K3: C:Lecture | L3: -
A4: 3 | B4: 3 | C4: 45535 | D4: 09:00 - 11:00 | E4: 2 | F4: 515 104-165 : STATISTICS FOR COMPUTING | G4: 48 | I4: ประหยัด แสงงาม | J4: - | K4: C:Lecture | L4: -
A5: 3 | B5: 4 | C5: 45535 | D5: 09:00 - 11:00 | E5: 2 | F5: 515 104-165 : STATISTICS FOR COMPUTING | G5: 27 | I5: ประหยัด แสงงาม | J5: - | K5: C:Lecture | L5: -
A6: 3 | B6: 5 | C6: 45535 | D6: 09:00 - 11:00 | E6: 2 | F6: 515 201-59 : ELEMENTARY STATISTICS กลุ่ม 3 | G6: 17 | I6: ประหยัด แสงงาม | J6: - | K6: C:Lecture | L6: -
A7: 3 | B7: 6 | C7: 45535 | D7: 09:00 - 11:00 | E7: 2 | F7: 515 201-165 : ELEMENTARY STATISTICS | G7: 42 | I7: ประหยัด แสงงาม | J7: - | K7: C:Lecture | L7: -
A8: 4 | B8: 7 | C8: 45535 | D8: 09:00 - 12:00 | E8: 3 | F8: 511 100-165 : PRECALCULUS | G8: 126 | I8: ธรรมธาดา เขมะรัชตกำธร | J8: ทุกแถว | K8: C:Lecture | L8: -
A9: 5 | B9: 8 | C9: 45535 | D9: 09:00 - 12:00 | E9: 3 | F9: 511 101-165 : CALCULUS I | G9: 239 | I9: ผกามาส พะวงษ์ | J9: ทุกแถว | K9: C:Lecture | L9: -
A10: 6 | B10: 9 | C10: 45535 | D10: 09:00 - 12:00 | E10: 3 | F10: 511 104-2560-165 : CALCULUS FOR ENGINEERS I | G10: 400 | I10: ธีระเดช ไหลสุพรรณวงศ์ | J10: ทุกแถว | K10: C:Lecture | L10: -
A11: 7 | B11: 10 | C11: 45535 | D11: 09:00 - 12:00 | E11: 3 | F11: 511 119-167 : CALCULUS FOR MATHEMATICS TEACHERS I | G11: 58 | I11: ผกามาส พะวงษ์ | J11: - | K11: C:Lecture | L11: -
A12: 8 | B12: 11 | C12: 45535 | D12: 09:00 - 12:00 | E12: 3 | F12: 512 101-2562 : GENERAL BIOLOGY I | G12: 24 | I12: กรกช ชั้นจิรกุล | J12: - | K12: C:Lecture | L12: -
A13: 9 | B13: 12 | C13: 45535 | D13: 09:00 - 12:00 | E13: 3 | F13: 512 105-165 : FUNDAMENTAL BIOLOGY | G13: 136 | I13: สุธาทิพย์ อำนวยสิน | J13: ทุกแถว | K13: C:Lecture | L13: -
... A43: 29 | B43: 42 | C43: 45536 | D43: 09:00 - 12:00 | E43: 3 | F43: 511 112-162-167 : CALCULUS FOR PHYSICAL SCIENTISTS | G43: 38 | I43: วรรณรัตน์ รุ่งโรจน์ธีระ | J43: ทุกแถว | K43: C:Lecture | L43: -
A44: 30 | B44: 43 | C44: 45536 | D44: 09:00 - 12:00 | E44: 3 | F44: 511 201-162-165 : PRINCIPLES OF MATHEMATICS I | G44: 44 | H44: 4203 ว.4 | I44: ธรรมธาดา เขมะรัชตกำธร | J44: - | K44: C:Lecture | L44: -
A45: 31 | B45: 44 | C45: 45536 | D45: 09:00 - 12:00 | E45: 3 | F45: 512 315-165 : PLANT TAXONOMY (ฟ้า) | G45: 19 | H45: ร.วท.2 | I45: พิรดา สุมานนท์ | J45: 9-10 | K45: C:Lecture | L45: -
A46: 32 | B46: 45 | C46: 45536 | D46: 09:00 - 12:00 | E46: 3 | F46: 517 324-2560-165 : MOBILE APPLICATION DEVELOPMENT | G46: 83 | H46: ร.วท.2 | I46: อภิญญา ธาตุสุวรรณ์ | J46: 1-8 | K46: C:Lecture | L46: -
A47: 33 | B47: 46 | C47: 45536 | D47: 09:00 - 12:00 | E47: 3 | F47: 517 101-165 : DIGITAL LITERACY AND CITIZENSHIP | G47: 75 | H47: 1227/1,1227/2 ว.1 | I47: วีณาวดี ม่วงอ้น | J47: - | K47: L:Lab | L47: -
A48: 34 | B48: 47 | C48: 45536 | D48: 09:00 - 12:00 | E48: 3 | F48: 519 241-165 : COMPUTATIONAL MATHEMATICS | G48: 8 | H48: 1231 ว.1 | I48: พัชรี สัมฤทธิ์นรพงศ์ | J48: - | K48: L:Lab | L48: -
A49: 35 | B49: 48 | C49: 45536 | D49: 09:00 - 12:00 | E49: 3 | F49: 511 243-2560-162 : THEORY OF EQUATIONS (ฟ้า) | G49: 47 | H49: 5406 ว.4 | I49: มาลินี ชัยยะ | J49: 12-15 | K49: C:Lecture | L49: -
A50: 36 | B50: 49 | C50: 45536 | D50: 09:00 - 12:00 | E50: 3 | F50: 520 101-2560-165 : FOUNDATION OF COMPUTER AND INFORMATICS | G50: 107 | H50: 5406 ว.4 | I50: กรัญญา สิทธิสงวน | J50: 1-11 | K50: C:Lecture | L50: -
A51: 37 | B51: 50 | C51: 45536 | D51: 09:00 - 12:00 | E51: 3 | F51: 515 511-264 : PROBABILITY AND STATISTICAL INFERENCE ป.โท | G51: 4 | H51: 1445 ว.1 | I51: ชนกานต์ สังข์บุญชู | J51: 1445 ว.1 | K51: C:Lecture | L51: -
A52: 38 | B52: 51 | C52: 45536 | D52: 13:00 - 15:00 | E52: 2 | F52: 513 231-2560-165 : ANALYTICAL CHEMISTRY I | G52: 414 | H52: หอประชุม | I52: สุมนมาลย์ จันทร์เอี่ยม | J52: ทุกแถว | K52: C:Lecture | L52: -
A53: 39 | B53: 52 | C53: 45536 | D53: 13:00 - 15:00 | E53: 2 | F53: 513 422-2560 : PHYSICAL CHEMISTRY OF MACROMOLECULES | G53: 21 | H53: 4203 ว.4 | I53: ฉันทนา วัยนิพิฐพงษ์ | J53: - | K53: C:Lecture | L53: -
A54: 40 | B54: 53 | C54: 45536 | D54: 13:00 - 16:00 | E54: 3 | F54: 512 416-2560 : PLANT TISSUE AND CELL CULTURE LABORATORY (ฟ้า) | G54: 5 | H54: 4204 ว.4 | I54: กุลนาถ อบสุวรรณ | J54: - | K54: C:Lecture | L54: -
A55: 41 | B55: 54 | C55: 45536 | D55: 13:00 - 16:00 | E55: 3 | F55: 524 141-166 : MATHEMATICS FOR SCIENCE TEACHER | G55: 57 | H55: 4204 ว.4 | I55: รุ่งรัตน์ วัดตาล | J55: - | K55: C:Lecture | L55: -
... A286: 219 | B286: 285 | C286: 45543 | D286: 13:00 - 16:00 | E286: 3 | F286: 522 352-2561 : FEATURE ENGINEERING | G286: 1 | H286: 1227/1 ว.1 | I286: รัชดาพร คณาวงษ์ | J286: - | K286: L:Lab | L286: -

Sheet Room
A1: Room_Id | B1: Rooname | C1: Capacity | E1: ห้องสอบ
A2: R001 | B2: ร.วท.1 | C2: 160 | E2: 4203 ว.4
A3: R002 | B3: ร.วท.2 | C3: 160 | E3: 4203 ว.4
A4: R003 | B4: ไววิทย์พุทธารี | C4: 266 | E4: 1331 ว.1
A5: R004 | B5: หอประชุม | C5: 414 | E5: 1334 ว.1
A6: R005 | B6: 5406 ว.4 | C6: 280 | E6: 1334 ว.1
A7: R006 | B7: 4103 ว.4 | C7: 91 | E7: 1334 ว.1
A8: R007 | B8: 4203 ว.4 | C8: 72 | E8: ร.วท.1
A9: R008 | B9: 4204 ว.4 | C9: 72 | E9: 5406 ว.4
A10: R009 | B10: 4205 ว.4 | C10: 72 | E10: หอประชุม
A11: R010 | B11: 4206 ว.4 | C11: 72 | E11: 4204 ว.4
A12: R011 | B12: 4319 ว.4 | C12: 30 | E12: 4205 ว.4
A13: R012 | B13: 4320 ว.4 | C13: 40 | E13: ไววิทย์พุทธารี
... A33: R032 | B33: 1231 ว.1 (คณิต) | C33: 60 | E33: ร.วท.2
E34: ร.วท.2
E35: ร.วท.2
E36: ร.วท.1
E37: ร.วท.1
E38: 1238 ว.1
E39: 1331 ว.1
E40: 1334 ว.1
E41: 1334 ว.1
E42: หอประชุม
E43: หอประชุม
E44: 4203 ว.4
E45: ร.วท.2
... E286: 1227/1 ว.1

Sheet roomm
A1: ห้องสอบ | B1: id_room | F1: Room_Id | G1: Rooname | H1: Capacity
A2: 4203 ว.4 | B2: =_xlfn.XLOOKUP(A2,$G$2:$G$33,$F$2:$F$33,"-") -> R007 | F2: R001 | G2: ร.วท.1 | H2: 160
A3: 4203 ว.4 | B3: =_xlfn.XLOOKUP(A3,$G$2:$G$33,$F$2:$F$33,"-") -> R007 | F3: R002 | G3: ร.วท.2 | H3: 160
A4: 1331 ว.1 | B4: =_xlfn.XLOOKUP(A4,$G$2:$G$33,$F$2:$F$33,"-") -> R029 | F4: R003 | G4: ไววิทย์พุทธารี | H4: 266
A5: 1331 ว.1 | B5: =_xlfn.XLOOKUP(A5,$G$2:$G$33,$F$2:$F$33,"-") -> R029 | F5: R004 | G5: หอประชุม | H5: 414
A6: 1331 ว.1 | B6: =_xlfn.XLOOKUP(A6,$G$2:$G$33,$F$2:$F$33,"-") -> R029 | F6: R005 | G6: 5406 ว.4 | H6: 280
A7: 1331 ว.1 | B7: =_xlfn.XLOOKUP(A7,$G$2:$G$33,$F$2:$F$33,"-") -> R029 | F7: R006 | G7: 4103 ว.4 | H7: 91
A8: ร.วท.1 | B8: =_xlfn.XLOOKUP(A8,$G$2:$G$33,$F$2:$F$33,"-") -> R001 | F8: R007 | G8: 4203 ว.4 | H8: 72
A9: 5406 ว.4 | B9: =_xlfn.XLOOKUP(A9,$G$2:$G$33,$F$2:$F$33,"-") -> R005 | F9: R008 | G9: 4204 ว.4 | H9: 72
A10: หอประชุม | B10: =_xlfn.XLOOKUP(A10,$G$2:$G$33,$F$2:$F$33,"-") -> R004 | F10: R009 | G10: 4205 ว.4 | H10: 72
A11: 4204 ว.4 | B11: =_xlfn.XLOOKUP(A11,$G$2:$G$33,$F$2:$F$33,"-") -> R008 | F11: R010 | G11: 4206 ว.4 | H11: 72
A12: 4205 ว.4 | B12: =_xlfn.XLOOKUP(A12,$G$2:$G$33,$F$2:$F$33,"-") -> R009 | F12: R011 | G12: 4319 ว.4 | H12: 30
A13: ไววิทย์พุทธารี | B13: =_xlfn.XLOOKUP(A13,$G$2:$G$33,$F$2:$F$33,"-") -> R003 | F13: R012 | G13: 4320 ว.4 | H13: 40
... A33: ร.วท.2 | B33: =_xlfn.XLOOKUP(A33,$G$2:$G$33,$F$2:$F$33,"-") -> R002 | F33: R032 | G33: 1231 ว.1 | H33: 60
A34: ร.วท.2 | B34: =_xlfn.XLOOKUP(A34,$G$2:$G$33,$F$2:$F$33,"-") -> R002
A35: ร.วท.2 | B35: =_xlfn.XLOOKUP(A35,$G$2:$G$33,$F$2:$F$33,"-") -> R002
A36: ร.วท.1 | B36: =_xlfn.XLOOKUP(A36,$G$2:$G$33,$F$2:$F$33,"-") -> R001
A37: ร.วท.1 | B37: =_xlfn.XLOOKUP(A37,$G$2:$G$33,$F$2:$F$33,"-") -> R001
A38: 1238 ว.1 | B38: =_xlfn.XLOOKUP(A38,$G$2:$G$33,$F$2:$F$33,"-") -> R014
A39: 1331 ว.1 | B39: =_xlfn.XLOOKUP(A39,$G$2:$G$33,$F$2:$F$33,"-") -> R029
A40: 1334 ว.1 | B40: =_xlfn.XLOOKUP(A40,$G$2:$G$33,$F$2:$F$33,"-") -> R030
A41: 1334 ว.1 | B41: =_xlfn.XLOOKUP(A41,$G$2:$G$33,$F$2:$F$33,"-") -> R030
A42: หอประชุม | B42: =_xlfn.XLOOKUP(A42,$G$2:$G$33,$F$2:$F$33,"-") -> R004
A43: หอประชุม | B43: =_xlfn.XLOOKUP(A43,$G$2:$G$33,$F$2:$F$33,"-") -> R004
A44: 4203 ว.4 | B44: =_xlfn.XLOOKUP(A44,$G$2:$G$33,$F$2:$F$33,"-") -> R007
A45: ร.วท.2 | B45: =_xlfn.XLOOKUP(A45,$G$2:$G$33,$F$2:$F$33,"-") -> R002
... A286: 1227/1 ว.1 | B286: =_xlfn.XLOOKUP(A286,$G$2:$G$33,$F$2:$F$33,"-") -> R025

Sheet Proctor
A1: ref | B1: no | C1: กรรมการคุมสอบ
A2: 1 | B2: 1 | C2: เอกพันธ์ บางยี่ขัน , นันทนิตย์ วานิชาชีวะ
A3: 2 | B3: 2 | C3: เอกพันธ์ บางยี่ขัน , นันทนิตย์ วานิชาชีวะ
A4: 3 | B4: 3 | C4: กรพรรณ เศวตสุวรรณกุล , กฤษณา จันทร์เจริญ
A5: 3 | B5: 4 | C5: อดิศักดิ์ เม้ามีศรี , ชัยวัฒน์ ศรีสร้อยแก้ว
A6: 3 | B6: 5 | C6: อดิศักดิ์ เม้ามีศรี , ชัยวัฒน์ ศรีสร้อยแก้ว
A7: 3 | B7: 6 | C7: อดิศักดิ์ เม้ามีศรี , ชัยวัฒน์ ศรีสร้อยแก้ว
A8: 4 | B8: 7 | C8: ธรรมธาดา เขมะรัชตกำธร , สุภนิดา คำบาง , พันธ์วริศ บุญประจันทร์
A9: 5 | B9: 8 | C9: ผกามาส พะวงษ์ , ณัชปภา สงวนวงศ์ , ขนิษฐา เมฆสวัสดิ์ , กฤช เศรษฐการ , พัฏฐ์ณิชา พัฒนศิริ
A10: 6 | B10: 9 | C10: สุภาภรณ์ ธรรมประทีป , ธาริณี กฤษฎาพรอนันท์ , ชนากานต์ เทพกรณ์ , ธีระเดช ไหลสุพรรณวงศ์ , วรรณสิริ ล่าบ้านหลวง , ภัทราพร เม้ามีศรี
A11: 7 | B11: 10 | C11: รัตนา ศรีทัศน์ , ภัททิยา นิมิตรนิวัฒน์
A12: 8 | B12: 11 | C12: ณัฐพงศ์ ยิ่งยอดกุล , ศศิภา ตรงต่อมิตร
A13: 9 | B13: 12 | C13: สิราวรรณ สาสุข , มาริษา บำรุงเรือน , ภาณุพงษ์ ทองเปรม , ปิยาภรณ์ ทองพูล
... A286: 219 | B286: 285 | C286: รัชดาพร คณาวงษ์ , อุทัย คันธะมาลา
